Country,Year,General government gross debt
Afghanistan,1997.0,
Afghanistan,1998.0,
Afghanistan,1999.0,
Afghanistan,2000.0,
Afghanistan,2001.0,
Afghanistan,2002.0,280.979
Afghanistan,2003.0,273.471
Afghanistan,2004.0,243.438
Afghanistan,2005.0,204.034
Afghanistan,2006.0,23.019
Afghanistan,2007.0,20.24
Afghanistan,2008.0,18.37
Afghanistan,2009.0,16.776
Afghanistan,2010.0,7.902
Afghanistan,2011.0,7.137
Afghanistan,2012.0,6.625
Afghanistan,2013.0,6.749
Afghanistan,2014.0,6.38
Afghanistan,2015.0,6.246
Albania,1997.0,73.13
Albania,1998.0,72.107
Albania,1999.0,69.067
Albania,2000.0,64.596
Albania,2001.0,60.613
Albania,2002.0,64.097
Albania,2003.0,60.245
Albania,2004.0,57.474
Albania,2005.0,58.203
Albania,2006.0,56.688
Albania,2007.0,53.55
Albania,2008.0,55.14
Albania,2009.0,59.666
Albania,2010.0,57.72
Albania,2011.0,59.413
Albania,2012.0,62.144
Albania,2013.0,70.391
Albania,2014.0,72.038
Albania,2015.0,73.321
Algeria,1997.0,69.855
Algeria,1998.0,72.863
Algeria,1999.0,82.019
Algeria,2000.0,62.813
Algeria,2001.0,54.746
Algeria,2002.0,51.43
Algeria,2003.0,42.356
Algeria,2004.0,35.234
Algeria,2005.0,26.346
Algeria,2006.0,23.735
Algeria,2007.0,13.643
Algeria,2008.0,8.387
Algeria,2009.0,10.164
Algeria,2010.0,10.875
Algeria,2011.0,9.489
Algeria,2012.0,9.491
Algeria,2013.0,7.744
Algeria,2014.0,7.956
Algeria,2015.0,9.06
Angola,1997.0,
Angola,1998.0,
Angola,1999.0,
Angola,2000.0,104.542
Angola,2001.0,102.053
Angola,2002.0,70.948
Angola,2003.0,68.692
Angola,2004.0,51.954
Angola,2005.0,35.737
Angola,2006.0,18.697
Angola,2007.0,16.066
Angola,2008.0,16.647
Angola,2009.0,22.71
Angola,2010.0,44.291
Angola,2011.0,33.801
Angola,2012.0,29.487
Angola,2013.0,32.874
Angola,2014.0,40.661
Angola,2015.0,64.239
Antigua and Barbuda,1997.0,87.022
Antigua and Barbuda,1998.0,102.609
Antigua and Barbuda,1999.0,104.603
Antigua and Barbuda,2000.0,110.838
Antigua and Barbuda,2001.0,122.025
Antigua and Barbuda,2002.0,128.165
Antigua and Barbuda,2003.0,127.519
Antigua and Barbuda,2004.0,122.985
Antigua and Barbuda,2005.0,94.99
Antigua and Barbuda,2006.0,90.868
Antigua and Barbuda,2007.0,79.202
Antigua and Barbuda,2008.0,77.271
Antigua and Barbuda,2009.0,102.46
Antigua and Barbuda,2010.0,90.782
Antigua and Barbuda,2011.0,92.431
Antigua and Barbuda,2012.0,87.147
Antigua and Barbuda,2013.0,94.263
Antigua and Barbuda,2014.0,100.422
Antigua and Barbuda,2015.0,104.358
Argentina,1997.0,32.662
Argentina,1998.0,35.2
Argentina,1999.0,40.097
Argentina,2000.0,42.06
Argentina,2001.0,49.436
Argentina,2002.0,152.112
Argentina,2003.0,128.561
Argentina,2004.0,117.116
Argentina,2005.0,66.938
Argentina,2006.0,58.622
Argentina,2007.0,50.842
Argentina,2008.0,43.853
Argentina,2009.0,53.828
Argentina,2010.0,42.624
Argentina,2011.0,38.063
Argentina,2012.0,39.434
Argentina,2013.0,42.195
Argentina,2014.0,43.587
Argentina,2015.0,52.131
Armenia,1997.0,46.503
Armenia,1998.0,45.189
Armenia,1999.0,39.191
Armenia,2000.0,39.362
Armenia,2001.0,37.824
Armenia,2002.0,38.105
Armenia,2003.0,32.88
Armenia,2004.0,26.432
Armenia,2005.0,20.467
Armenia,2006.0,16.183
Armenia,2007.0,14.249
Armenia,2008.0,14.631
Armenia,2009.0,34.136
Armenia,2010.0,33.741
Armenia,2011.0,35.691
Armenia,2012.0,36.477
Armenia,2013.0,37.959
Armenia,2014.0,41.447
Armenia,2015.0,46.893
Australia,1997.0,25.925
Australia,1998.0,23.756
Australia,1999.0,22.576
Australia,2000.0,19.57
Australia,2001.0,17.18
Australia,2002.0,15.063
Australia,2003.0,13.22
Australia,2004.0,11.943
Australia,2005.0,10.893
Australia,2006.0,9.967
Australia,2007.0,9.683
Australia,2008.0,11.744
Australia,2009.0,16.747
Australia,2010.0,20.481
Australia,2011.0,24.201
Australia,2012.0,27.798
Australia,2013.0,30.829
Australia,2014.0,34.323
Australia,2015.0,37.638
Austria,1997.0,63.194
Austria,1998.0,63.606
Austria,1999.0,66.426
Austria,2000.0,65.864
Austria,2001.0,66.484
Austria,2002.0,66.291
Austria,2003.0,65.492
Austria,2004.0,64.802
Austria,2005.0,68.315
Austria,2006.0,67.044
Austria,2007.0,64.808
Austria,2008.0,68.518
Austria,2009.0,79.726
Austria,2010.0,82.39
Austria,2011.0,82.193
Austria,2012.0,81.624
Austria,2013.0,80.799
Austria,2014.0,84.254
Austria,2015.0,86.193
Azerbaijan,1997.0,12.466
Azerbaijan,1998.0,14.291
Azerbaijan,1999.0,25.414
Azerbaijan,2000.0,22.837
Azerbaijan,2001.0,24.387
Azerbaijan,2002.0,23.018
Azerbaijan,2003.0,21.828
Azerbaijan,2004.0,19.997
Azerbaijan,2005.0,13.498
Azerbaijan,2006.0,10.261
Azerbaijan,2007.0,8.311
Azerbaijan,2008.0,7.292
Azerbaijan,2009.0,12.395
Azerbaijan,2010.0,12.517
Azerbaijan,2011.0,11.426
Azerbaijan,2012.0,13.948
Azerbaijan,2013.0,12.75
Azerbaijan,2014.0,11.175
Azerbaijan,2015.0,28.316
The Bahamas,1997.0,27.439
The Bahamas,1998.0,26.54
The Bahamas,1999.0,25.221
The Bahamas,2000.0,24.476
The Bahamas,2001.0,23.588
The Bahamas,2002.0,24.807
The Bahamas,2003.0,26.601
The Bahamas,2004.0,27.596
The Bahamas,2005.0,29.298
The Bahamas,2006.0,29.554
The Bahamas,2007.0,29.982
The Bahamas,2008.0,32.346
The Bahamas,2009.0,38.399
The Bahamas,2010.0,43.241
The Bahamas,2011.0,44.996
The Bahamas,2012.0,47.956
The Bahamas,2013.0,55.425
The Bahamas,2014.0,60.193
The Bahamas,2015.0,64.435
Bahrain,1997.0,15.382
Bahrain,1998.0,20.844
Bahrain,1999.0,25.716
Bahrain,2000.0,25.744
Bahrain,2001.0,26.075
Bahrain,2002.0,28.377
Bahrain,2003.0,32.449
Bahrain,2004.0,29.394
Bahrain,2005.0,24.192
Bahrain,2006.0,20.25
Bahrain,2007.0,16.344
Bahrain,2008.0,12.562
Bahrain,2009.0,21.361
Bahrain,2010.0,29.704
Bahrain,2011.0,32.8
Bahrain,2012.0,36.209
Bahrain,2013.0,43.941
Bahrain,2014.0,44.393
Bahrain,2015.0,61.855
Bangladesh,1997.0,
Bangladesh,1998.0,
Bangladesh,1999.0,
Bangladesh,2000.0,
Bangladesh,2001.0,
Bangladesh,2002.0,
Bangladesh,2003.0,44.322
Bangladesh,2004.0,43.482
Bangladesh,2005.0,42.296
Bangladesh,2006.0,42.325
Bangladesh,2007.0,41.913
Bangladesh,2008.0,40.573
Bangladesh,2009.0,39.543
Bangladesh,2010.0,36.618
Bangladesh,2011.0,35.302
Bangladesh,2012.0,33.822
Bangladesh,2013.0,34.465
Bangladesh,2014.0,33.87
Bangladesh,2015.0,33.905
Barbados,1997.0,39.47
Barbados,1998.0,34.584
Barbados,1999.0,34.296
Barbados,2000.0,39.868
Barbados,2001.0,46.189
Barbados,2002.0,47.333
Barbados,2003.0,47.171
Barbados,2004.0,47.646
Barbados,2005.0,46.068
Barbados,2006.0,48.43
Barbados,2007.0,51.414
Barbados,2008.0,53.883
Barbados,2009.0,63.059
Barbados,2010.0,70.013
Barbados,2011.0,75.856
Barbados,2012.0,83.554
Barbados,2013.0,94.272
Barbados,2014.0,97.888
Barbados,2015.0,104.957
Belarus,1997.0,
Belarus,1998.0,
Belarus,1999.0,
Belarus,2000.0,
Belarus,2001.0,
Belarus,2002.0,
Belarus,2003.0,
Belarus,2004.0,9.536
Belarus,2005.0,8.391
Belarus,2006.0,11.094
Belarus,2007.0,18.347
Belarus,2008.0,20.804
Belarus,2009.0,26.024
Belarus,2010.0,30.573
Belarus,2011.0,34.943
Belarus,2012.0,32.04
Belarus,2013.0,34.451
Belarus,2014.0,37.332
Belarus,2015.0,53.736
Belgium,1997.0,123.206
Belgium,1998.0,118.197
Belgium,1999.0,114.417
Belgium,2000.0,108.769
Belgium,2001.0,107.591
Belgium,2002.0,104.71
Belgium,2003.0,101.113
Belgium,2004.0,96.523
Belgium,2005.0,94.627
Belgium,2006.0,91.038
Belgium,2007.0,87.021
Belgium,2008.0,92.529
Belgium,2009.0,99.564
Belgium,2010.0,99.71
Belgium,2011.0,102.337
Belgium,2012.0,104.115
Belgium,2013.0,105.186
Belgium,2014.0,106.568
Belgium,2015.0,106.052
Belize,1997.0,
Belize,1998.0,
Belize,1999.0,
Belize,2000.0,
Belize,2001.0,85.841
Belize,2002.0,93.566
Belize,2003.0,107.513
Belize,2004.0,102.015
Belize,2005.0,100.117
Belize,2006.0,94.237
Belize,2007.0,90.267
Belize,2008.0,84.323
Belize,2009.0,90.889
Belize,2010.0,86.859
Belize,2011.0,82.328
Belize,2012.0,78.325
Belize,2013.0,78.269
Belize,2014.0,77.168
Belize,2015.0,81.876
Benin,1997.0,
Benin,1998.0,
Benin,1999.0,53.859
Benin,2000.0,54.109
Benin,2001.0,51.918
Benin,2002.0,42.048
Benin,2003.0,31.953
Benin,2004.0,29.396
Benin,2005.0,36.87
Benin,2006.0,11.434
Benin,2007.0,19.526
Benin,2008.0,25.02
Benin,2009.0,25.622
Benin,2010.0,28.702
Benin,2011.0,29.876
Benin,2012.0,26.822
Benin,2013.0,25.416
Benin,2014.0,30.874
Benin,2015.0,39.299
Bhutan,1997.0,34.164
Bhutan,1998.0,37.71
Bhutan,1999.0,40.64
Bhutan,2000.0,45.613
Bhutan,2001.0,54.235
Bhutan,2002.0,59.784
Bhutan,2003.0,74.62
Bhutan,2004.0,78.616
Bhutan,2005.0,84.539
Bhutan,2006.0,80.443
Bhutan,2007.0,67.097
Bhutan,2008.0,60.784
Bhutan,2009.0,61.972
Bhutan,2010.0,57.938
Bhutan,2011.0,66.362
Bhutan,2012.0,76.281
Bhutan,2013.0,93.642
Bhutan,2014.0,93.771
Bhutan,2015.0,94.801
Bolivia,1997.0,
Bolivia,1998.0,
Bolivia,1999.0,
Bolivia,2000.0,66.891
Bolivia,2001.0,59.957
Bolivia,2002.0,69.144
Bolivia,2003.0,74.066
Bolivia,2004.0,89.567
Bolivia,2005.0,80.375
Bolivia,2006.0,55.23
Bolivia,2007.0,40.506
Bolivia,2008.0,37.155
Bolivia,2009.0,39.992
Bolivia,2010.0,38.52
Bolivia,2011.0,34.666
Bolivia,2012.0,33.336
Bolivia,2013.0,32.489
Bolivia,2014.0,33.015
Bolivia,2015.0,36.155
Bosnia and Herzegovina,1997.0,
Bosnia and Herzegovina,1998.0,54.397
Bosnia and Herzegovina,1999.0,56.039
Bosnia and Herzegovina,2000.0,34.686
Bosnia and Herzegovina,2001.0,35.23
Bosnia and Herzegovina,2002.0,31.198
Bosnia and Herzegovina,2003.0,27.635
Bosnia and Herzegovina,2004.0,25.487
Bosnia and Herzegovina,2005.0,25.515
Bosnia and Herzegovina,2006.0,21.245
Bosnia and Herzegovina,2007.0,18.709
Bosnia and Herzegovina,2008.0,30.885
Bosnia and Herzegovina,2009.0,35.067
Bosnia and Herzegovina,2010.0,42.752
Bosnia and Herzegovina,2011.0,42.647
Bosnia and Herzegovina,2012.0,44.252
Bosnia and Herzegovina,2013.0,43.496
Bosnia and Herzegovina,2014.0,44.025
Bosnia and Herzegovina,2015.0,44.738
Botswana,1997.0,
Botswana,1998.0,11.257
Botswana,1999.0,9.185
Botswana,2000.0,8.043
Botswana,2001.0,8.934
Botswana,2002.0,8.31
Botswana,2003.0,11.693
Botswana,2004.0,8.909
Botswana,2005.0,7.368
Botswana,2006.0,6.228
Botswana,2007.0,8.246
Botswana,2008.0,7.652
Botswana,2009.0,17.561
Botswana,2010.0,19.37
Botswana,2011.0,20.318
Botswana,2012.0,18.926
Botswana,2013.0,17.579
Botswana,2014.0,17.665
Botswana,2015.0,17.21
Brazil,1997.0,
Brazil,1998.0,
Brazil,1999.0,
Brazil,2000.0,65.561
Brazil,2001.0,70.054
Brazil,2002.0,78.798
Brazil,2003.0,73.823
Brazil,2004.0,70.077
Brazil,2005.0,68.585
Brazil,2006.0,65.845
Brazil,2007.0,63.743
Brazil,2008.0,61.868
Brazil,2009.0,64.944
Brazil,2010.0,63.045
Brazil,2011.0,61.242
Brazil,2012.0,62.31
Brazil,2013.0,60.364
Brazil,2014.0,63.314
Brazil,2015.0,73.697
Brunei Darussalam,1997.0,0.0
Brunei Darussalam,1998.0,0.0
Brunei Darussalam,1999.0,0.0
Brunei Darussalam,2000.0,0.0
Brunei Darussalam,2001.0,0.0
Brunei Darussalam,2002.0,0.0
Brunei Darussalam,2003.0,0.0
Brunei Darussalam,2004.0,0.0
Brunei Darussalam,2005.0,0.0
Brunei Darussalam,2006.0,0.593
Brunei Darussalam,2007.0,0.684
Brunei Darussalam,2008.0,0.939
Brunei Darussalam,2009.0,1.11
Brunei Darussalam,2010.0,1.113
Brunei Darussalam,2011.0,2.129
Brunei Darussalam,2012.0,2.101
Brunei Darussalam,2013.0,2.209
Brunei Darussalam,2014.0,2.305
Brunei Darussalam,2015.0,2.813
Bulgaria,1997.0,
Bulgaria,1998.0,76.537
Bulgaria,1999.0,79.442
Bulgaria,2000.0,73.887
Bulgaria,2001.0,67.289
Bulgaria,2002.0,53.543
Bulgaria,2003.0,45.579
Bulgaria,2004.0,37.855
Bulgaria,2005.0,28.517
Bulgaria,2006.0,22.658
Bulgaria,2007.0,17.457
Bulgaria,2008.0,14.652
Bulgaria,2009.0,14.608
Bulgaria,2010.0,14.275
Bulgaria,2011.0,14.518
Bulgaria,2012.0,16.768
Bulgaria,2013.0,17.224
Bulgaria,2014.0,26.434
Bulgaria,2015.0,26.298
Burkina Faso,1997.0,
Burkina Faso,1998.0,
Burkina Faso,1999.0,
Burkina Faso,2000.0,
Burkina Faso,2001.0,
Burkina Faso,2002.0,48.669
Burkina Faso,2003.0,44.619
Burkina Faso,2004.0,45.836
Burkina Faso,2005.0,44.092
Burkina Faso,2006.0,22.599
Burkina Faso,2007.0,25.331
Burkina Faso,2008.0,25.163
Burkina Faso,2009.0,28.494
Burkina Faso,2010.0,29.317
Burkina Faso,2011.0,29.804
Burkina Faso,2012.0,28.348
Burkina Faso,2013.0,28.693
Burkina Faso,2014.0,30.243
Burkina Faso,2015.0,32.798
Burundi,1997.0,
Burundi,1998.0,
Burundi,1999.0,
Burundi,2000.0,136.425
Burundi,2001.0,127.387
Burundi,2002.0,159.088
Burundi,2003.0,171.969
Burundi,2004.0,172.738
Burundi,2005.0,136.98
Burundi,2006.0,130.255
Burundi,2007.0,129.613
Burundi,2008.0,102.514
Burundi,2009.0,25.688
Burundi,2010.0,46.912
Burundi,2011.0,39.758
Burundi,2012.0,39.93
Burundi,2013.0,36.556
Burundi,2014.0,33.866
Burundi,2015.0,42.445
Cabo Verde,1997.0,89.514
Cabo Verde,1998.0,82.228
Cabo Verde,1999.0,69.968
Cabo Verde,2000.0,82.637
Cabo Verde,2001.0,79.914
Cabo Verde,2002.0,82.552
Cabo Verde,2003.0,81.359
Cabo Verde,2004.0,83.745
Cabo Verde,2005.0,85.339
Cabo Verde,2006.0,77.727
Cabo Verde,2007.0,64.981
Cabo Verde,2008.0,57.422
Cabo Verde,2009.0,65.175
Cabo Verde,2010.0,72.43
Cabo Verde,2011.0,78.814
Cabo Verde,2012.0,91.111
Cabo Verde,2013.0,99.981
Cabo Verde,2014.0,110.322
Cabo Verde,2015.0,120.542
Cambodia,1997.0,31.576
Cambodia,1998.0,37.183
Cambodia,1999.0,34.737
Cambodia,2000.0,35.235
Cambodia,2001.0,34.869
Cambodia,2002.0,39.748
Cambodia,2003.0,43.099
Cambodia,2004.0,42.703
Cambodia,2005.0,37.427
Cambodia,2006.0,32.852
Cambodia,2007.0,30.521
Cambodia,2008.0,27.76
Cambodia,2009.0,29.146
Cambodia,2010.0,29.367
Cambodia,2011.0,30.298
Cambodia,2012.0,32.051
Cambodia,2013.0,32.055
Cambodia,2014.0,32.262
Cambodia,2015.0,32.538
Cameroon,1997.0,
Cameroon,1998.0,78.167
Cameroon,1999.0,78.872
Cameroon,2000.0,86.119
Cameroon,2001.0,70.643
Cameroon,2002.0,64.295
Cameroon,2003.0,60.268
Cameroon,2004.0,61.622
Cameroon,2005.0,51.546
Cameroon,2006.0,15.863
Cameroon,2007.0,11.956
Cameroon,2008.0,9.715
Cameroon,2009.0,10.092
Cameroon,2010.0,11.527
Cameroon,2011.0,13.245
Cameroon,2012.0,15.429
Cameroon,2013.0,18.657
Cameroon,2014.0,27.543
Cameroon,2015.0,29.015
Canada,1997.0,95.591
Canada,1998.0,93.614
Canada,1999.0,89.273
Canada,2000.0,80.706
Canada,2001.0,81.75
Canada,2002.0,79.888
Canada,2003.0,76.181
Canada,2004.0,72.135
Canada,2005.0,70.868
Canada,2006.0,70.126
Canada,2007.0,66.844
Canada,2008.0,67.834
Canada,2009.0,79.283
Canada,2010.0,81.097
Canada,2011.0,81.513
Canada,2012.0,84.84
Canada,2013.0,86.08
Canada,2014.0,86.201
Canada,2015.0,91.499
Central African Republic,1997.0,96.137
Central African Republic,1998.0,85.321
Central African Republic,1999.0,84.162
Central African Republic,2000.0,92.839
Central African Republic,2001.0,103.34
Central African Republic,2002.0,100.528
Central African Republic,2003.0,102.657
Central African Republic,2004.0,103.927
Central African Republic,2005.0,108.771
Central African Republic,2006.0,49.213
Central African Republic,2007.0,49.468
Central African Republic,2008.0,36.627
Central African Republic,2009.0,21.093
Central African Republic,2010.0,21.43
Central African Republic,2011.0,21.831
Central African Republic,2012.0,23.518
Central African Republic,2013.0,38.532
Central African Republic,2014.0,51.147
Central African Republic,2015.0,48.498
Chad,1997.0,
Chad,1998.0,
Chad,1999.0,57.966
Chad,2000.0,66.076
Chad,2001.0,56.267
Chad,2002.0,50.309
Chad,2003.0,41.005
Chad,2004.0,30.223
Chad,2005.0,25.64
Chad,2006.0,26.243
Chad,2007.0,22.15
Chad,2008.0,19.954
Chad,2009.0,31.668
Chad,2010.0,30.123
Chad,2011.0,30.547
Chad,2012.0,28.779
Chad,2013.0,30.344
Chad,2014.0,39.212
Chad,2015.0,42.611
Chile,1997.0,12.915
Chile,1998.0,12.183
Chile,1999.0,13.34
Chile,2000.0,13.191
Chile,2001.0,14.395
Chile,2002.0,15.087
Chile,2003.0,12.641
Chile,2004.0,10.294
Chile,2005.0,6.997
Chile,2006.0,4.994
Chile,2007.0,3.89
Chile,2008.0,4.919
Chile,2009.0,5.835
Chile,2010.0,8.601
Chile,2011.0,11.153
Chile,2012.0,12.029
Chile,2013.0,12.791
Chile,2014.0,15.059
Chile,2015.0,17.54
China,1997.0,20.448
China,1998.0,20.496
China,1999.0,21.688
China,2000.0,22.809
China,2001.0,24.384
China,2002.0,25.711
China,2003.0,26.574
China,2004.0,26.168
China,2005.0,26.098
China,2006.0,25.382
China,2007.0,29.036
China,2008.0,27.0
China,2009.0,32.557
China,2010.0,33.09
China,2011.0,33.086
China,2012.0,34.021
China,2013.0,36.928
China,2014.0,39.831
China,2015.0,42.919
Colombia,1997.0,29.407
Colombia,1998.0,31.959
Colombia,1999.0,39.558
Colombia,2000.0,44.221
Colombia,2001.0,40.83
Colombia,2002.0,47.238
Colombia,2003.0,44.749
Colombia,2004.0,41.214
Colombia,2005.0,38.284
Colombia,2006.0,35.754
Colombia,2007.0,32.469
Colombia,2008.0,32.144
Colombia,2009.0,35.171
Colombia,2010.0,36.439
Colombia,2011.0,35.733
Colombia,2012.0,34.083
Colombia,2013.0,37.783
Colombia,2014.0,44.202
Colombia,2015.0,50.569
Comoros,1997.0,121.4
Comoros,1998.0,117.322
Comoros,1999.0,107.861
Comoros,2000.0,101.939
Comoros,2001.0,89.705
Comoros,2002.0,81.666
Comoros,2003.0,74.824
Comoros,2004.0,72.797
Comoros,2005.0,67.526
Comoros,2006.0,65.651
Comoros,2007.0,61.794
Comoros,2008.0,57.489
Comoros,2009.0,53.625
Comoros,2010.0,50.738
Comoros,2011.0,45.741
Comoros,2012.0,42.576
Comoros,2013.0,18.146
Comoros,2014.0,22.591
Comoros,2015.0,25.385
Democratic Republic of the Congo,1997.0,
Democratic Republic of the Congo,1998.0,
Democratic Republic of the Congo,1999.0,
Democratic Republic of the Congo,2000.0,134.982
Democratic Republic of the Congo,2001.0,181.617
Democratic Republic of the Congo,2002.0,136.042
Democratic Republic of the Congo,2003.0,114.464
Democratic Republic of the Congo,2004.0,141.762
Democratic Republic of the Congo,2005.0,101.472
Democratic Republic of the Congo,2006.0,104.302
Democratic Republic of the Congo,2007.0,86.885
Democratic Republic of the Congo,2008.0,90.505
Democratic Republic of the Congo,2009.0,93.187
Democratic Republic of the Congo,2010.0,31.942
Democratic Republic of the Congo,2011.0,26.25
Democratic Republic of the Congo,2012.0,23.169
Democratic Republic of the Congo,2013.0,19.119
Democratic Republic of the Congo,2014.0,16.803
Democratic Republic of the Congo,2015.0,18.861
Republic of Congo,1997.0,0.0
Republic of Congo,1998.0,0.0
Republic of Congo,1999.0,0.0
Republic of Congo,2000.0,163.223
Republic of Congo,2001.0,195.784
Republic of Congo,2002.0,180.289
Republic of Congo,2003.0,204.372
Republic of Congo,2004.0,198.679
Republic of Congo,2005.0,108.271
Republic of Congo,2006.0,98.816
Republic of Congo,2007.0,97.957
Republic of Congo,2008.0,68.063
Republic of Congo,2009.0,61.626
Republic of Congo,2010.0,22.888
Republic of Congo,2011.0,33.087
Republic of Congo,2012.0,34.141
Republic of Congo,2013.0,38.184
Republic of Congo,2014.0,47.511
Republic of Congo,2015.0,70.593
Costa Rica,1997.0,29.29
Costa Rica,1998.0,38.49
Costa Rica,1999.0,34.292
Costa Rica,2000.0,35.655
Costa Rica,2001.0,37.637
Costa Rica,2002.0,39.756
Costa Rica,2003.0,38.987
Costa Rica,2004.0,40.0
Costa Rica,2005.0,36.524
Costa Rica,2006.0,32.47
Costa Rica,2007.0,26.857
Costa Rica,2008.0,24.157
Costa Rica,2009.0,26.546
Costa Rica,2010.0,28.407
Costa Rica,2011.0,29.833
Costa Rica,2012.0,34.292
Costa Rica,2013.0,36.044
Costa Rica,2014.0,39.261
Costa Rica,2015.0,42.376
C?te d'Ivoire,1997.0,116.363
C?te d'Ivoire,1998.0,103.892
C?te d'Ivoire,1999.0,107.843
C?te d'Ivoire,2000.0,102.27
C?te d'Ivoire,2001.0,98.379
C?te d'Ivoire,2002.0,87.058
C?te d'Ivoire,2003.0,77.934
C?te d'Ivoire,2004.0,78.4
C?te d'Ivoire,2005.0,80.399
C?te d'Ivoire,2006.0,79.441
C?te d'Ivoire,2007.0,73.997
C?te d'Ivoire,2008.0,70.828
C?te d'Ivoire,2009.0,64.242
C?te d'Ivoire,2010.0,63.048
C?te d'Ivoire,2011.0,69.153
C?te d'Ivoire,2012.0,45.041
C?te d'Ivoire,2013.0,43.36
C?te d'Ivoire,2014.0,46.534
C?te d'Ivoire,2015.0,48.869
Croatia,1997.0,
Croatia,1998.0,21.867
Croatia,1999.0,28.127
Croatia,2000.0,33.213
Croatia,2001.0,34.6
Croatia,2002.0,36.324
Croatia,2003.0,37.503
Croatia,2004.0,39.806
Croatia,2005.0,40.688
Croatia,2006.0,38.277
Croatia,2007.0,37.06
Croatia,2008.0,38.868
Croatia,2009.0,48.023
Croatia,2010.0,56.982
Croatia,2011.0,63.712
Croatia,2012.0,70.677
Croatia,2013.0,82.185
Croatia,2014.0,86.528
Croatia,2015.0,86.67
Cyprus,1997.0,53.696
Cyprus,1998.0,55.161
Cyprus,1999.0,55.92
Cyprus,2000.0,56.262
Cyprus,2001.0,57.874
Cyprus,2002.0,61.374
Cyprus,2003.0,63.415
Cyprus,2004.0,65.107
Cyprus,2005.0,64.429
Cyprus,2006.0,59.482
Cyprus,2007.0,53.568
Cyprus,2008.0,44.566
Cyprus,2009.0,53.373
Cyprus,2010.0,56.333
Cyprus,2011.0,65.837
Cyprus,2012.0,79.26
Cyprus,2013.0,102.514
Cyprus,2014.0,108.194
Cyprus,2015.0,108.868
Czech Republic,1997.0,12.143
Czech Republic,1998.0,13.933
Czech Republic,1999.0,15.202
Czech Republic,2000.0,17.025
Czech Republic,2001.0,22.782
Czech Republic,2002.0,25.924
Czech Republic,2003.0,28.147
Czech Republic,2004.0,28.454
Czech Republic,2005.0,28.016
Czech Republic,2006.0,27.911
Czech Republic,2007.0,27.807
Czech Republic,2008.0,28.658
Czech Republic,2009.0,34.058
Czech Republic,2010.0,38.155
Czech Republic,2011.0,39.826
Czech Republic,2012.0,44.47
Czech Republic,2013.0,44.909
Czech Republic,2014.0,42.169
Czech Republic,2015.0,40.314
Denmark,1997.0,64.278
Denmark,1998.0,60.279
Denmark,1999.0,56.764
Denmark,2000.0,52.354
Denmark,2001.0,48.508
Denmark,2002.0,49.081
Denmark,2003.0,46.15
Denmark,2004.0,44.179
Denmark,2005.0,37.399
Denmark,2006.0,31.541
Denmark,2007.0,27.339
Denmark,2008.0,33.386
Denmark,2009.0,40.368
Denmark,2010.0,42.879
Denmark,2011.0,46.409
Denmark,2012.0,45.189
Denmark,2013.0,44.651
Denmark,2014.0,44.765
Denmark,2015.0,45.527
Djibouti,1997.0,
Djibouti,1998.0,
Djibouti,1999.0,58.51
Djibouti,2000.0,58.175
Djibouti,2001.0,58.107
Djibouti,2002.0,63.734
Djibouti,2003.0,66.324
Djibouti,2004.0,65.349
Djibouti,2005.0,60.361
Djibouti,2006.0,58.393
Djibouti,2007.0,56.685
Djibouti,2008.0,59.309
Djibouti,2009.0,59.536
Djibouti,2010.0,51.92
Djibouti,2011.0,45.176
Djibouti,2012.0,43.302
Djibouti,2013.0,42.408
Djibouti,2014.0,43.181
Djibouti,2015.0,39.48
Dominica,1997.0,47.745
Dominica,1998.0,56.274
Dominica,1999.0,61.819
Dominica,2000.0,68.858
Dominica,2001.0,98.505
Dominica,2002.0,97.875
Dominica,2003.0,94.918
Dominica,2004.0,86.163
Dominica,2005.0,82.009
Dominica,2006.0,77.362
Dominica,2007.0,71.765
Dominica,2008.0,64.358
Dominica,2009.0,62.507
Dominica,2010.0,66.831
Dominica,2011.0,69.69
Dominica,2012.0,72.367
Dominica,2013.0,74.322
Dominica,2014.0,82.163
Dominica,2015.0,82.461
Dominican Republic,1997.0,13.254
Dominican Republic,1998.0,12.7
Dominican Republic,1999.0,15.268
Dominican Republic,2000.0,15.855
Dominican Republic,2001.0,15.581
Dominican Republic,2002.0,16.536
Dominican Republic,2003.0,34.108
Dominican Republic,2004.0,22.5
Dominican Republic,2005.0,21.29
Dominican Republic,2006.0,19.424
Dominican Republic,2007.0,17.519
Dominican Republic,2008.0,19.603
Dominican Republic,2009.0,22.729
Dominican Republic,2010.0,23.753
Dominican Republic,2011.0,25.75
Dominican Republic,2012.0,30.464
Dominican Republic,2013.0,34.604
Dominican Republic,2014.0,34.383
Dominican Republic,2015.0,34.94
Ecuador,1997.0,
Ecuador,1998.0,
Ecuador,1999.0,
Ecuador,2000.0,
Ecuador,2001.0,62.302
Ecuador,2002.0,52.521
Ecuador,2003.0,44.871
Ecuador,2004.0,39.756
Ecuador,2005.0,35.022
Ecuador,2006.0,28.829
Ecuador,2007.0,27.197
Ecuador,2008.0,22.237
Ecuador,2009.0,17.719
Ecuador,2010.0,19.676
Ecuador,2011.0,19.43
Ecuador,2012.0,21.61
Ecuador,2013.0,25.905
Ecuador,2014.0,31.184
Ecuador,2015.0,33.833
Egypt,1997.0,
Egypt,1998.0,
Egypt,1999.0,
Egypt,2000.0,
Egypt,2001.0,
Egypt,2002.0,85.776
Egypt,2003.0,97.095
Egypt,2004.0,96.512
Egypt,2005.0,98.263
Egypt,2006.0,85.924
Egypt,2007.0,76.268
Egypt,2008.0,66.761
Egypt,2009.0,69.45
Egypt,2010.0,69.59
Egypt,2011.0,72.83
Egypt,2012.0,74.606
Egypt,2013.0,84.777
Egypt,2014.0,86.265
Egypt,2015.0,88.971
El Salvador,1997.0,25.512
El Salvador,1998.0,23.363
El Salvador,1999.0,25.344
El Salvador,2000.0,26.516
El Salvador,2001.0,32.429
El Salvador,2002.0,37.458
El Salvador,2003.0,39.143
El Salvador,2004.0,39.406
El Salvador,2005.0,38.549
El Salvador,2006.0,39.099
El Salvador,2007.0,38.031
El Salvador,2008.0,39.253
El Salvador,2009.0,48.214
El Salvador,2010.0,49.664
El Salvador,2011.0,49.964
El Salvador,2012.0,55.204
El Salvador,2013.0,55.253
El Salvador,2014.0,57.082
El Salvador,2015.0,58.723
Equatorial Guinea,1997.0,41.942
Equatorial Guinea,1998.0,53.702
Equatorial Guinea,1999.0,54.831
Equatorial Guinea,2000.0,30.88
Equatorial Guinea,2001.0,22.251
Equatorial Guinea,2002.0,16.93
Equatorial Guinea,2003.0,7.657
Equatorial Guinea,2004.0,4.614
Equatorial Guinea,2005.0,2.547
Equatorial Guinea,2006.0,1.197
Equatorial Guinea,2007.0,0.735
Equatorial Guinea,2008.0,0.474
Equatorial Guinea,2009.0,4.32
Equatorial Guinea,2010.0,7.869
Equatorial Guinea,2011.0,5.863
Equatorial Guinea,2012.0,7.293
Equatorial Guinea,2013.0,6.143
Equatorial Guinea,2014.0,8.669
Equatorial Guinea,2015.0,13.98
Eritrea,1997.0,
Eritrea,1998.0,
Eritrea,1999.0,
Eritrea,2000.0,98.274
Eritrea,2001.0,107.004
Eritrea,2002.0,109.189
Eritrea,2003.0,118.406
Eritrea,2004.0,86.796
Eritrea,2005.0,158.913
Eritrea,2006.0,154.322
Eritrea,2007.0,156.656
Eritrea,2008.0,174.915
Eritrea,2009.0,144.602
Eritrea,2010.0,143.764
Eritrea,2011.0,133.014
Eritrea,2012.0,127.614
Eritrea,2013.0,128.383
Eritrea,2014.0,126.495
Eritrea,2015.0,127.126
Estonia,1997.0,6.138
Estonia,1998.0,5.453
Estonia,1999.0,5.964
Estonia,2000.0,5.114
Estonia,2001.0,4.779
Estonia,2002.0,5.697
Estonia,2003.0,5.623
Estonia,2004.0,5.062
Estonia,2005.0,4.549
Estonia,2006.0,4.404
Estonia,2007.0,3.664
Estonia,2008.0,4.487
Estonia,2009.0,7.038
Estonia,2010.0,6.55
Estonia,2011.0,5.913
Estonia,2012.0,9.516
Estonia,2013.0,9.935
Estonia,2014.0,10.371
Estonia,2015.0,9.741
Ethiopia,1997.0,80.26
Ethiopia,1998.0,89.288
Ethiopia,1999.0,97.781
Ethiopia,2000.0,93.633
Ethiopia,2001.0,97.325
Ethiopia,2002.0,107.367
Ethiopia,2003.0,112.721
Ethiopia,2004.0,103.104
Ethiopia,2005.0,78.239
Ethiopia,2006.0,69.95
Ethiopia,2007.0,46.389
Ethiopia,2008.0,41.387
Ethiopia,2009.0,37.559
Ethiopia,2010.0,40.53
Ethiopia,2011.0,43.983
Ethiopia,2012.0,36.925
Ethiopia,2013.0,42.415
Ethiopia,2014.0,46.302
Ethiopia,2015.0,56.05
Fiji,1997.0,58.639
Fiji,1998.0,39.68
Fiji,1999.0,35.426
Fiji,2000.0,40.0
Fiji,2001.0,44.452
Fiji,2002.0,46.998
Fiji,2003.0,48.588
Fiji,2004.0,48.242
Fiji,2005.0,47.652
Fiji,2006.0,57.912
Fiji,2007.0,49.876
Fiji,2008.0,51.417
Fiji,2009.0,55.797
Fiji,2010.0,56.158
Fiji,2011.0,52.632
Fiji,2012.0,51.681
Fiji,2013.0,49.506
Fiji,2014.0,47.741
Fiji,2015.0,48.088
Finland,1997.0,52.248
Finland,1998.0,46.862
Finland,1999.0,44.009
Finland,2000.0,42.486
Finland,2001.0,40.947
Finland,2002.0,40.17
Finland,2003.0,42.738
Finland,2004.0,42.648
Finland,2005.0,39.937
Finland,2006.0,38.059
Finland,2007.0,33.993
Finland,2008.0,32.654
Finland,2009.0,41.696
Finland,2010.0,47.119
Finland,2011.0,48.504
Finland,2012.0,52.888
Finland,2013.0,55.428
Finland,2014.0,59.301
Finland,2015.0,62.514
France,1997.0,61.097
France,1998.0,61.04
France,1999.0,60.22
France,2000.0,58.655
France,2001.0,58.156
France,2002.0,60.078
France,2003.0,64.21
France,2004.0,65.737
France,2005.0,67.207
France,2006.0,64.448
France,2007.0,64.405
France,2008.0,68.061
France,2009.0,78.999
France,2010.0,81.697
France,2011.0,85.209
France,2012.0,89.581
France,2013.0,92.395
France,2014.0,95.343
France,2015.0,96.141
Gabon,1997.0,57.04
Gabon,1998.0,87.585
Gabon,1999.0,73.086
Gabon,2000.0,72.497
Gabon,2001.0,80.979
Gabon,2002.0,81.07
Gabon,2003.0,70.241
Gabon,2004.0,60.301
Gabon,2005.0,49.326
Gabon,2006.0,39.598
Gabon,2007.0,39.693
Gabon,2008.0,16.93
Gabon,2009.0,23.09
Gabon,2010.0,20.509
Gabon,2011.0,17.853
Gabon,2012.0,19.699
Gabon,2013.0,29.238
Gabon,2014.0,32.161
Gabon,2015.0,43.994
The Gambia,1997.0,
The Gambia,1998.0,
The Gambia,1999.0,
The Gambia,2000.0,121.737
The Gambia,2001.0,125.027
The Gambia,2002.0,156.014
The Gambia,2003.0,152.389
The Gambia,2004.0,135.12
The Gambia,2005.0,135.995
The Gambia,2006.0,140.551
The Gambia,2007.0,60.909
The Gambia,2008.0,63.922
The Gambia,2009.0,62.583
The Gambia,2010.0,69.639
The Gambia,2011.0,77.274
The Gambia,2012.0,76.955
The Gambia,2013.0,83.323
The Gambia,2014.0,101.141
The Gambia,2015.0,91.637
Georgia,1997.0,
Georgia,1998.0,
Georgia,1999.0,
Georgia,2000.0,67.66
Georgia,2001.0,61.264
Georgia,2002.0,58.12
Georgia,2003.0,56.668
Georgia,2004.0,50.5
Georgia,2005.0,40.0
Georgia,2006.0,32.0
Georgia,2007.0,25.5
Georgia,2008.0,31.2
Georgia,2009.0,41.0
Georgia,2010.0,42.4
Georgia,2011.0,36.5
Georgia,2012.0,34.9
Georgia,2013.0,34.7
Georgia,2014.0,35.5
Georgia,2015.0,41.498
Germany,1997.0,58.773
Germany,1998.0,59.385
Germany,1999.0,59.962
Germany,2000.0,58.758
Germany,2001.0,57.582
Germany,2002.0,59.22
Germany,2003.0,62.921
Germany,2004.0,64.689
Germany,2005.0,66.909
Germany,2006.0,66.333
Germany,2007.0,63.542
Germany,2008.0,64.926
Germany,2009.0,72.43
Germany,2010.0,81.004
Germany,2011.0,78.311
Germany,2012.0,79.516
Germany,2013.0,77.058
Germany,2014.0,74.48
Germany,2015.0,70.988
Ghana,1997.0,71.27
Ghana,1998.0,65.004
Ghana,1999.0,87.382
Ghana,2000.0,111.945
Ghana,2001.0,87.223
Ghana,2002.0,81.861
Ghana,2003.0,74.551
Ghana,2004.0,57.818
Ghana,2005.0,47.99
Ghana,2006.0,26.216
Ghana,2007.0,31.044
Ghana,2008.0,33.593
Ghana,2009.0,36.087
Ghana,2010.0,46.259
Ghana,2011.0,42.609
Ghana,2012.0,50.099
Ghana,2013.0,60.292
Ghana,2014.0,72.15
Ghana,2015.0,70.819
Greece,1997.0,99.452
Greece,1998.0,97.425
Greece,1999.0,98.906
Greece,2000.0,104.935
Greece,2001.0,107.081
Greece,2002.0,104.863
Greece,2003.0,101.456
Greece,2004.0,102.87
Greece,2005.0,107.392
Greece,2006.0,103.574
Greece,2007.0,103.103
Greece,2008.0,109.416
Greece,2009.0,126.745
Greece,2010.0,146.25
Greece,2011.0,172.096
Greece,2012.0,159.565
Greece,2013.0,177.677
Greece,2014.0,180.063
Greece,2015.0,176.938
Grenada,1997.0,41.428
Grenada,1998.0,40.271
Grenada,1999.0,34.484
Grenada,2000.0,41.626
Grenada,2001.0,44.608
Grenada,2002.0,79.09
Grenada,2003.0,79.562
Grenada,2004.0,94.694
Grenada,2005.0,87.312
Grenada,2006.0,92.923
Grenada,2007.0,89.056
Grenada,2008.0,83.913
Grenada,2009.0,91.094
Grenada,2010.0,96.937
Grenada,2011.0,100.689
Grenada,2012.0,103.338
Grenada,2013.0,107.591
Grenada,2014.0,101.389
Grenada,2015.0,91.421
Guatemala,1997.0,
Guatemala,1998.0,
Guatemala,1999.0,
Guatemala,2000.0,19.015
Guatemala,2001.0,20.187
Guatemala,2002.0,18.35
Guatemala,2003.0,20.892
Guatemala,2004.0,21.425
Guatemala,2005.0,20.757
Guatemala,2006.0,21.651
Guatemala,2007.0,21.339
Guatemala,2008.0,20.126
Guatemala,2009.0,22.918
Guatemala,2010.0,24.107
Guatemala,2011.0,23.666
Guatemala,2012.0,24.328
Guatemala,2013.0,24.619
Guatemala,2014.0,24.283
Guatemala,2015.0,24.196
Guinea,1997.0,93.495
Guinea,1998.0,105.864
Guinea,1999.0,127.876
Guinea,2000.0,123.364
Guinea,2001.0,121.654
Guinea,2002.0,112.631
Guinea,2003.0,112.64
Guinea,2004.0,119.755
Guinea,2005.0,150.231
Guinea,2006.0,137.071
Guinea,2007.0,92.383
Guinea,2008.0,90.158
Guinea,2009.0,89.325
Guinea,2010.0,99.638
Guinea,2011.0,77.957
Guinea,2012.0,35.432
Guinea,2013.0,45.734
Guinea,2014.0,45.378
Guinea,2015.0,53.019
Guinea-Bissau,1997.0,156.196
Guinea-Bissau,1998.0,172.561
Guinea-Bissau,1999.0,153.728
Guinea-Bissau,2000.0,228.89
Guinea-Bissau,2001.0,214.838
Guinea-Bissau,2002.0,220.563
Guinea-Bissau,2003.0,212.598
Guinea-Bissau,2004.0,220.561
Guinea-Bissau,2005.0,221.941
Guinea-Bissau,2006.0,204.044
Guinea-Bissau,2007.0,177.303
Guinea-Bissau,2008.0,163.4
Guinea-Bissau,2009.0,159.168
Guinea-Bissau,2010.0,62.906
Guinea-Bissau,2011.0,49.471
Guinea-Bissau,2012.0,52.141
Guinea-Bissau,2013.0,53.564
Guinea-Bissau,2014.0,50.447
Guinea-Bissau,2015.0,52.9
Guyana,1997.0,130.208
Guyana,1998.0,135.74
Guyana,1999.0,121.065
Guyana,2000.0,120.19
Guyana,2001.0,129.66
Guyana,2002.0,133.746
Guyana,2003.0,121.251
Guyana,2004.0,118.644
Guyana,2005.0,116.075
Guyana,2006.0,94.157
Guyana,2007.0,59.885
Guyana,2008.0,61.648
Guyana,2009.0,64.814
Guyana,2010.0,65.299
Guyana,2011.0,65.162
Guyana,2012.0,62.475
Guyana,2013.0,57.233
Guyana,2014.0,51.212
Guyana,2015.0,48.199
Haiti,1997.0,42.906
Haiti,1998.0,39.703
Haiti,1999.0,39.842
Haiti,2000.0,55.246
Haiti,2001.0,49.511
Haiti,2002.0,54.279
Haiti,2003.0,61.97
Haiti,2004.0,49.897
Haiti,2005.0,47.159
Haiti,2006.0,39.114
Haiti,2007.0,34.513
Haiti,2008.0,38.005
Haiti,2009.0,27.778
Haiti,2010.0,17.341
Haiti,2011.0,11.807
Haiti,2012.0,16.346
Haiti,2013.0,21.46
Haiti,2014.0,26.261
Haiti,2015.0,30.103
Honduras,1997.0,72.903
Honduras,1998.0,69.384
Honduras,1999.0,77.964
Honduras,2000.0,67.672
Honduras,2001.0,65.263
Honduras,2002.0,66.118
Honduras,2003.0,69.729
Honduras,2004.0,62.679
Honduras,2005.0,57.225
Honduras,2006.0,40.343
Honduras,2007.0,24.721
Honduras,2008.0,22.973
Honduras,2009.0,27.51
Honduras,2010.0,30.663
Honduras,2011.0,32.134
Honduras,2012.0,35.181
Honduras,2013.0,45.711
Honduras,2014.0,46.463
Honduras,2015.0,46.805
Hong Kong SAR,1997.0,
Hong Kong SAR,1998.0,
Hong Kong SAR,1999.0,
Hong Kong SAR,2000.0,
Hong Kong SAR,2001.0,3.278
Hong Kong SAR,2002.0,3.523
Hong Kong SAR,2003.0,1.581
Hong Kong SAR,2004.0,1.503
Hong Kong SAR,2005.0,1.39
Hong Kong SAR,2006.0,1.141
Hong Kong SAR,2007.0,1.035
Hong Kong SAR,2008.0,0.88
Hong Kong SAR,2009.0,0.665
Hong Kong SAR,2010.0,0.619
Hong Kong SAR,2011.0,0.576
Hong Kong SAR,2012.0,0.545
Hong Kong SAR,2013.0,0.52
Hong Kong SAR,2014.0,0.065
Hong Kong SAR,2015.0,0.062
Hungary,1997.0,62.116
Hungary,1998.0,60.037
Hungary,1999.0,59.879
Hungary,2000.0,55.142
Hungary,2001.0,51.743
Hungary,2002.0,54.994
Hungary,2003.0,57.602
Hungary,2004.0,58.519
Hungary,2005.0,60.486
Hungary,2006.0,64.674
Hungary,2007.0,65.616
Hungary,2008.0,71.647
Hungary,2009.0,77.958
Hungary,2010.0,80.582
Hungary,2011.0,80.76
Hungary,2012.0,78.294
Hungary,2013.0,76.755
Hungary,2014.0,76.179
Hungary,2015.0,75.326
Iceland,1997.0,51.866
Iceland,1998.0,43.614
Iceland,1999.0,39.105
Iceland,2000.0,37.557
Iceland,2001.0,42.806
Iceland,2002.0,39.646
Iceland,2003.0,38.451
Iceland,2004.0,33.044
Iceland,2005.0,24.57
Iceland,2006.0,29.3
Iceland,2007.0,27.335
Iceland,2008.0,67.559
Iceland,2009.0,82.868
Iceland,2010.0,88.265
Iceland,2011.0,95.126
Iceland,2012.0,92.614
Iceland,2013.0,84.812
Iceland,2014.0,82.509
Iceland,2015.0,67.591
India,1997.0,67.818
India,1998.0,68.09
India,1999.0,70.039
India,2000.0,73.649
India,2001.0,78.728
India,2002.0,82.85
India,2003.0,84.243
India,2004.0,83.289
India,2005.0,80.894
India,2006.0,77.108
India,2007.0,74.027
India,2008.0,74.536
India,2009.0,72.527
India,2010.0,67.458
India,2011.0,69.643
India,2012.0,69.073
India,2013.0,67.96
India,2014.0,68.326
India,2015.0,69.07
Indonesia,1997.0,
Indonesia,1998.0,
Indonesia,1999.0,
Indonesia,2000.0,87.437
Indonesia,2001.0,73.702
Indonesia,2002.0,62.339
Indonesia,2003.0,55.643
Indonesia,2004.0,51.328
Indonesia,2005.0,42.612
Indonesia,2006.0,35.848
Indonesia,2007.0,32.333
Indonesia,2008.0,30.252
Indonesia,2009.0,26.483
Indonesia,2010.0,24.525
Indonesia,2011.0,23.106
Indonesia,2012.0,22.96
Indonesia,2013.0,24.847
Indonesia,2014.0,24.695
Indonesia,2015.0,27.304
Islamic Republic of Iran,1997.0,19.625
Islamic Republic of Iran,1998.0,22.476
Islamic Republic of Iran,1999.0,16.311
Islamic Republic of Iran,2000.0,12.161
Islamic Republic of Iran,2001.0,12.005
Islamic Republic of Iran,2002.0,21.789
Islamic Republic of Iran,2003.0,19.609
Islamic Republic of Iran,2004.0,16.699
Islamic Republic of Iran,2005.0,13.562
Islamic Republic of Iran,2006.0,12.46
Islamic Republic of Iran,2007.0,12.027
Islamic Republic of Iran,2008.0,9.287
Islamic Republic of Iran,2009.0,10.425
Islamic Republic of Iran,2010.0,12.175
Islamic Republic of Iran,2011.0,8.875
Islamic Republic of Iran,2012.0,17.395
Islamic Republic of Iran,2013.0,15.402
Islamic Republic of Iran,2014.0,15.63
Islamic Republic of Iran,2015.0,15.904
Iraq,1997.0,
Iraq,1998.0,
Iraq,1999.0,
Iraq,2000.0,
Iraq,2001.0,
Iraq,2002.0,
Iraq,2003.0,
Iraq,2004.0,342.666
Iraq,2005.0,226.407
Iraq,2006.0,157.909
Iraq,2007.0,120.755
Iraq,2008.0,75.451
Iraq,2009.0,87.375
Iraq,2010.0,53.533
Iraq,2011.0,40.719
Iraq,2012.0,34.782
Iraq,2013.0,31.153
Iraq,2014.0,33.53
Iraq,2015.0,61.395
Ireland,1997.0,61.608
Ireland,1998.0,52.961
Ireland,1999.0,46.608
Ireland,2000.0,36.07
Ireland,2001.0,33.232
Ireland,2002.0,30.554
Ireland,2003.0,29.924
Ireland,2004.0,28.215
Ireland,2005.0,26.072
Ireland,2006.0,23.61
Ireland,2007.0,23.897
Ireland,2008.0,42.414
Ireland,2009.0,61.676
Ireland,2010.0,86.299
Ireland,2011.0,109.613
Ireland,2012.0,119.477
Ireland,2013.0,119.471
Ireland,2014.0,105.247
Ireland,2015.0,78.676
Israel,1997.0,
Israel,1998.0,
Israel,1999.0,
Israel,2000.0,79.587
Israel,2001.0,83.747
Israel,2002.0,90.3
Israel,2003.0,92.979
Israel,2004.0,91.308
Israel,2005.0,88.152
Israel,2006.0,80.091
Israel,2007.0,73.045
Israel,2008.0,71.873
Israel,2009.0,74.593
Israel,2010.0,70.687
Israel,2011.0,68.823
Israel,2012.0,68.329
Israel,2013.0,66.954
Israel,2014.0,66.019
Israel,2015.0,64.082
Italy,1997.0,113.426
Italy,1998.0,110.808
Italy,1999.0,109.659
Italy,2000.0,105.11
Italy,2001.0,104.73
Italy,2002.0,101.923
Italy,2003.0,100.485
Italy,2004.0,100.089
Italy,2005.0,101.94
Italy,2006.0,102.557
Italy,2007.0,99.776
Italy,2008.0,102.39
Italy,2009.0,112.519
Italy,2010.0,115.378
Italy,2011.0,116.499
Italy,2012.0,123.339
Italy,2013.0,129.004
Italy,2014.0,132.528
Italy,2015.0,132.713
Jamaica,1997.0,
Jamaica,1998.0,
Jamaica,1999.0,82.755
Jamaica,2000.0,91.809
Jamaica,2001.0,108.008
Jamaica,2002.0,118.402
Jamaica,2003.0,123.095
Jamaica,2004.0,119.937
Jamaica,2005.0,119.262
Jamaica,2006.0,117.119
Jamaica,2007.0,114.477
Jamaica,2008.0,127.021
Jamaica,2009.0,141.929
Jamaica,2010.0,142.001
Jamaica,2011.0,140.377
Jamaica,2012.0,145.121
Jamaica,2013.0,139.767
Jamaica,2014.0,136.751
Jamaica,2015.0,120.392
Japan,1997.0,109.104
Japan,1998.0,121.632
Japan,1999.0,135.609
Japan,2000.0,143.778
Japan,2001.0,153.635
Japan,2002.0,163.992
Japan,2003.0,169.572
Japan,2004.0,180.657
Japan,2005.0,186.436
Japan,2006.0,185.997
Japan,2007.0,183.012
Japan,2008.0,191.812
Japan,2009.0,210.247
Japan,2010.0,215.821
Japan,2011.0,231.629
Japan,2012.0,238.015
Japan,2013.0,244.477
Japan,2014.0,249.114
Japan,2015.0,247.976
Jordan,1997.0,106.646
Jordan,1998.0,109.708
Jordan,1999.0,108.013
Jordan,2000.0,100.479
Jordan,2001.0,124.174
Jordan,2002.0,116.305
Jordan,2003.0,104.095
Jordan,2004.0,100.715
Jordan,2005.0,100.268
Jordan,2006.0,87.998
Jordan,2007.0,90.302
Jordan,2008.0,60.244
Jordan,2009.0,64.775
Jordan,2010.0,67.113
Jordan,2011.0,70.729
Jordan,2012.0,80.718
Jordan,2013.0,86.678
Jordan,2014.0,89.049
Jordan,2015.0,93.391
Kazakhstan,1997.0,
Kazakhstan,1998.0,
Kazakhstan,1999.0,
Kazakhstan,2000.0,
Kazakhstan,2001.0,
Kazakhstan,2002.0,17.592
Kazakhstan,2003.0,14.962
Kazakhstan,2004.0,11.392
Kazakhstan,2005.0,8.099
Kazakhstan,2006.0,6.667
Kazakhstan,2007.0,5.874
Kazakhstan,2008.0,6.766
Kazakhstan,2009.0,10.227
Kazakhstan,2010.0,10.683
Kazakhstan,2011.0,9.768
Kazakhstan,2012.0,11.681
Kazakhstan,2013.0,12.233
Kazakhstan,2014.0,14.113
Kazakhstan,2015.0,21.885
Kenya,1997.0,
Kenya,1998.0,54.429
Kenya,1999.0,53.67
Kenya,2000.0,52.23
Kenya,2001.0,56.218
Kenya,2002.0,61.844
Kenya,2003.0,60.133
Kenya,2004.0,53.795
Kenya,2005.0,48.343
Kenya,2006.0,43.975
Kenya,2007.0,38.372
Kenya,2008.0,41.469
Kenya,2009.0,41.095
Kenya,2010.0,44.403
Kenya,2011.0,43.049
Kenya,2012.0,41.694
Kenya,2013.0,41.493
Kenya,2014.0,46.666
Kenya,2015.0,51.327
Kiribati,1997.0,12.785
Kiribati,1998.0,11.193
Kiribati,1999.0,13.239
Kiribati,2000.0,11.851
Kiribati,2001.0,15.396
Kiribati,2002.0,11.776
Kiribati,2003.0,11.248
Kiribati,2004.0,11.984
Kiribati,2005.0,10.534
Kiribati,2006.0,11.517
Kiribati,2007.0,9.969
Kiribati,2008.0,12.636
Kiribati,2009.0,9.528
Kiribati,2010.0,8.623
Kiribati,2011.0,8.224
Kiribati,2012.0,7.523
Kiribati,2013.0,8.209
Kiribati,2014.0,8.401
Kiribati,2015.0,23.081
Korea,1997.0,10.245
Korea,1998.0,14.668
Korea,1999.0,16.748
Korea,2000.0,17.114
Korea,2001.0,17.702
Korea,2002.0,17.551
Korea,2003.0,20.449
Korea,2004.0,23.251
Korea,2005.0,26.959
Korea,2006.0,29.272
Korea,2007.0,28.651
Korea,2008.0,28.162
Korea,2009.0,31.38
Korea,2010.0,30.825
Korea,2011.0,31.511
Korea,2012.0,32.127
Korea,2013.0,33.757
Korea,2014.0,35.876
Korea,2015.0,37.889
Kosovo,1997.0,
Kosovo,1998.0,
Kosovo,1999.0,
Kosovo,2000.0,
Kosovo,2001.0,
Kosovo,2002.0,
Kosovo,2003.0,
Kosovo,2004.0,
Kosovo,2005.0,
Kosovo,2006.0,28.674
Kosovo,2007.0,24.813
Kosovo,2008.0,21.202
Kosovo,2009.0,6.13
Kosovo,2010.0,15.628
Kosovo,2011.0,13.88
Kosovo,2012.0,15.915
Kosovo,2013.0,16.216
Kosovo,2014.0,16.717
Kosovo,2015.0,19.037
Kuwait,1997.0,59.198
Kuwait,1998.0,59.498
Kuwait,1999.0,50.823
Kuwait,2000.0,35.429
Kuwait,2001.0,36.43
Kuwait,2002.0,32.333
Kuwait,2003.0,24.615
Kuwait,2004.0,18.616
Kuwait,2005.0,14.137
Kuwait,2006.0,10.57
Kuwait,2007.0,11.832
Kuwait,2008.0,9.57
Kuwait,2009.0,11.046
Kuwait,2010.0,11.34
Kuwait,2011.0,8.547
Kuwait,2012.0,6.789
Kuwait,2013.0,6.498
Kuwait,2014.0,7.486
Kuwait,2015.0,11.174
Kyrgyz Republic,1997.0,
Kyrgyz Republic,1998.0,
Kyrgyz Republic,1999.0,
Kyrgyz Republic,2000.0,122.272
Kyrgyz Republic,2001.0,107.315
Kyrgyz Republic,2002.0,106.866
Kyrgyz Republic,2003.0,106.896
Kyrgyz Republic,2004.0,92.909
Kyrgyz Republic,2005.0,85.94
Kyrgyz Republic,2006.0,72.499
Kyrgyz Republic,2007.0,56.805
Kyrgyz Republic,2008.0,48.458
Kyrgyz Republic,2009.0,58.067
Kyrgyz Republic,2010.0,59.726
Kyrgyz Republic,2011.0,49.38
Kyrgyz Republic,2012.0,48.975
Kyrgyz Republic,2013.0,46.102
Kyrgyz Republic,2014.0,52.303
Kyrgyz Republic,2015.0,66.036
Lao P.D.R.,1997.0,
Lao P.D.R.,1998.0,
Lao P.D.R.,1999.0,
Lao P.D.R.,2000.0,
Lao P.D.R.,2001.0,109.95
Lao P.D.R.,2002.0,110.628
Lao P.D.R.,2003.0,104.638
Lao P.D.R.,2004.0,93.617
Lao P.D.R.,2005.0,84.969
Lao P.D.R.,2006.0,71.888
Lao P.D.R.,2007.0,64.231
Lao P.D.R.,2008.0,60.344
Lao P.D.R.,2009.0,63.204
Lao P.D.R.,2010.0,62.095
Lao P.D.R.,2011.0,56.902
Lao P.D.R.,2012.0,62.191
Lao P.D.R.,2013.0,60.127
Lao P.D.R.,2014.0,63.037
Lao P.D.R.,2015.0,62.954
Latvia,1997.0,
Latvia,1998.0,8.99
Latvia,1999.0,11.831
Latvia,2000.0,12.109
Latvia,2001.0,13.931
Latvia,2002.0,13.151
Latvia,2003.0,13.926
Latvia,2004.0,13.818
Latvia,2005.0,11.171
Latvia,2006.0,9.181
Latvia,2007.0,7.238
Latvia,2008.0,16.187
Latvia,2009.0,32.492
Latvia,2010.0,40.34
Latvia,2011.0,37.594
Latvia,2012.0,36.859
Latvia,2013.0,35.909
Latvia,2014.0,38.588
Latvia,2015.0,34.944
Lebanon,1997.0,
Lebanon,1998.0,
Lebanon,1999.0,
Lebanon,2000.0,146.106
Lebanon,2001.0,160.913
Lebanon,2002.0,160.947
Lebanon,2003.0,169.03
Lebanon,2004.0,171.183
Lebanon,2005.0,180.699
Lebanon,2006.0,185.188
Lebanon,2007.0,171.023
Lebanon,2008.0,163.092
Lebanon,2009.0,145.566
Lebanon,2010.0,138.391
Lebanon,2011.0,133.888
Lebanon,2012.0,130.803
Lebanon,2013.0,133.36
Lebanon,2014.0,133.357
Lebanon,2015.0,138.407
Lesotho,1997.0,75.104
Lesotho,1998.0,90.822
Lesotho,1999.0,94.885
Lesotho,2000.0,101.188
Lesotho,2001.0,126.092
Lesotho,2002.0,93.359
Lesotho,2003.0,62.645
Lesotho,2004.0,55.715
Lesotho,2005.0,60.263
Lesotho,2006.0,62.585
Lesotho,2007.0,58.163
Lesotho,2008.0,50.825
Lesotho,2009.0,37.618
Lesotho,2010.0,35.245
Lesotho,2011.0,37.98
Lesotho,2012.0,40.328
Lesotho,2013.0,43.367
Lesotho,2014.0,49.527
Lesotho,2015.0,58.329
Liberia,1997.0,
Liberia,1998.0,
Liberia,1999.0,
Liberia,2000.0,616.055
Liberia,2001.0,612.226
Liberia,2002.0,610.18
Liberia,2003.0,789.833
Liberia,2004.0,715.184
Liberia,2005.0,642.875
Liberia,2006.0,593.516
Liberia,2007.0,482.764
Liberia,2008.0,309.661
Liberia,2009.0,173.936
Liberia,2010.0,33.425
Liberia,2011.0,29.639
Liberia,2012.0,26.986
Liberia,2013.0,27.479
Liberia,2014.0,33.347
Liberia,2015.0,39.207
Libya,1997.0,65.63
Libya,1998.0,69.858
Libya,1999.0,57.023
Libya,2000.0,43.734
Libya,2001.0,43.13
Libya,2002.0,35.072
Libya,2003.0,27.144
Libya,2004.0,4.163
Libya,2005.0,2.906
Libya,2006.0,2.86
Libya,2007.0,1.978
Libya,2008.0,2.632
Libya,2009.0,2.761
Libya,2010.0,2.864
Libya,2011.0,26.612
Libya,2012.0,2.246
Libya,2013.0,3.711
Libya,2014.0,36.385
Libya,2015.0,73.844
Lithuania,1997.0,
Lithuania,1998.0,21.778
Lithuania,1999.0,28.114
Lithuania,2000.0,23.488
Lithuania,2001.0,22.895
Lithuania,2002.0,22.138
Lithuania,2003.0,20.918
Lithuania,2004.0,19.303
Lithuania,2005.0,18.308
Lithuania,2006.0,17.968
Lithuania,2007.0,16.653
Lithuania,2008.0,15.39
Lithuania,2009.0,29.014
Lithuania,2010.0,36.28
Lithuania,2011.0,37.277
Lithuania,2012.0,39.793
Lithuania,2013.0,38.756
Lithuania,2014.0,40.682
Lithuania,2015.0,42.781
Luxembourg,1997.0,8.5
Luxembourg,1998.0,8.034
Luxembourg,1999.0,7.091
Luxembourg,2000.0,6.455
Luxembourg,2001.0,6.963
Luxembourg,2002.0,6.884
Luxembourg,2003.0,6.932
Luxembourg,2004.0,7.325
Luxembourg,2005.0,7.475
Luxembourg,2006.0,7.869
Luxembourg,2007.0,7.798
Luxembourg,2008.0,15.098
Luxembourg,2009.0,16.031
Luxembourg,2010.0,20.113
Luxembourg,2011.0,19.118
Luxembourg,2012.0,21.987
Luxembourg,2013.0,23.334
Luxembourg,2014.0,22.923
Luxembourg,2015.0,21.454
Macao SAR,1997.0,
Macao SAR,1998.0,
Macao SAR,1999.0,
Macao SAR,2000.0,
Macao SAR,2001.0,0.0
Macao SAR,2002.0,0.0
Macao SAR,2003.0,0.0
Macao SAR,2004.0,0.0
Macao SAR,2005.0,0.0
Macao SAR,2006.0,0.0
Macao SAR,2007.0,0.0
Macao SAR,2008.0,0.0
Macao SAR,2009.0,0.0
Macao SAR,2010.0,0.0
Macao SAR,2011.0,0.0
Macao SAR,2012.0,0.0
Macao SAR,2013.0,0.0
Macao SAR,2014.0,0.0
Macao SAR,2015.0,0.0
FYR Macedonia,1997.0,
FYR Macedonia,1998.0,
FYR Macedonia,1999.0,29.834
FYR Macedonia,2000.0,45.561
FYR Macedonia,2001.0,45.214
FYR Macedonia,2002.0,40.464
FYR Macedonia,2003.0,36.461
FYR Macedonia,2004.0,34.58
FYR Macedonia,2005.0,36.745
FYR Macedonia,2006.0,30.583
FYR Macedonia,2007.0,23.525
FYR Macedonia,2008.0,20.593
FYR Macedonia,2009.0,23.769
FYR Macedonia,2010.0,24.065
FYR Macedonia,2011.0,27.74
FYR Macedonia,2012.0,33.681
FYR Macedonia,2013.0,34.007
FYR Macedonia,2014.0,38.25
FYR Macedonia,2015.0,37.955
Madagascar,1997.0,107.871
Madagascar,1998.0,126.452
Madagascar,1999.0,118.37
Madagascar,2000.0,107.049
Madagascar,2001.0,98.102
Madagascar,2002.0,105.046
Madagascar,2003.0,99.709
Madagascar,2004.0,95.047
Madagascar,2005.0,86.467
Madagascar,2006.0,37.367
Madagascar,2007.0,32.75
Madagascar,2008.0,31.49
Madagascar,2009.0,33.678
Madagascar,2010.0,31.69
Madagascar,2011.0,32.181
Madagascar,2012.0,33.029
Madagascar,2013.0,33.891
Madagascar,2014.0,34.651
Madagascar,2015.0,35.533
Malawi,1997.0,
Malawi,1998.0,
Malawi,1999.0,
Malawi,2000.0,
Malawi,2001.0,
Malawi,2002.0,152.507
Malawi,2003.0,157.432
Malawi,2004.0,137.497
Malawi,2005.0,39.164
Malawi,2006.0,46.872
Malawi,2007.0,47.383
Malawi,2008.0,40.17
Malawi,2009.0,42.613
Malawi,2010.0,62.86
Malawi,2011.0,88.469
Malawi,2012.0,89.47
Malawi,2013.0,100.323
Malawi,2014.0,94.581
Malawi,2015.0,82.034
Malaysia,1997.0,30.041
Malaysia,1998.0,34.114
Malaysia,1999.0,34.851
Malaysia,2000.0,32.881
Malaysia,2001.0,38.505
Malaysia,2002.0,40.094
Malaysia,2003.0,41.981
Malaysia,2004.0,42.556
Malaysia,2005.0,41.357
Malaysia,2006.0,40.225
Malaysia,2007.0,39.907
Malaysia,2008.0,39.92
Malaysia,2009.0,51.124
Malaysia,2010.0,51.94
Malaysia,2011.0,52.636
Malaysia,2012.0,54.552
Malaysia,2013.0,55.904
Malaysia,2014.0,55.58
Malaysia,2015.0,57.393
Maldives,1997.0,38.112
Maldives,1998.0,39.261
Maldives,1999.0,38.949
Maldives,2000.0,39.018
Maldives,2001.0,41.845
Maldives,2002.0,44.279
Maldives,2003.0,37.92
Maldives,2004.0,35.383
Maldives,2005.0,44.876
Maldives,2006.0,39.286
Maldives,2007.0,38.335
Maldives,2008.0,41.943
Maldives,2009.0,54.529
Maldives,2010.0,60.433
Maldives,2011.0,60.337
Maldives,2012.0,62.683
Maldives,2013.0,64.058
Maldives,2014.0,66.313
Maldives,2015.0,73.133
Mali,1997.0,
Mali,1998.0,
Mali,1999.0,
Mali,2000.0,90.522
Mali,2001.0,77.498
Mali,2002.0,42.643
Mali,2003.0,44.15
Mali,2004.0,42.434
Mali,2005.0,46.626
Mali,2006.0,18.066
Mali,2007.0,18.535
Mali,2008.0,20.265
Mali,2009.0,21.937
Mali,2010.0,25.289
Mali,2011.0,23.965
Mali,2012.0,25.39
Mali,2013.0,26.368
Mali,2014.0,27.277
Mali,2015.0,30.914
Malta,1997.0,60.547
Malta,1998.0,66.091
Malta,1999.0,69.483
Malta,2000.0,64.154
Malta,2001.0,70.375
Malta,2002.0,64.843
Malta,2003.0,68.717
Malta,2004.0,71.142
Malta,2005.0,70.108
Malta,2006.0,64.616
Malta,2007.0,62.39
Malta,2008.0,62.746
Malta,2009.0,67.799
Malta,2010.0,67.631
Malta,2011.0,69.956
Malta,2012.0,67.591
Malta,2013.0,68.374
Malta,2014.0,66.996
Malta,2015.0,63.963
Marshall Islands,1997.0,18.941
Marshall Islands,1998.0,26.052
Marshall Islands,1999.0,30.449
Marshall Islands,2000.0,36.454
Marshall Islands,2001.0,42.845
Marshall Islands,2002.0,46.771
Marshall Islands,2003.0,49.047
Marshall Islands,2004.0,48.698
Marshall Islands,2005.0,46.188
Marshall Islands,2006.0,44.083
Marshall Islands,2007.0,41.45
Marshall Islands,2008.0,41.564
Marshall Islands,2009.0,39.798
Marshall Islands,2010.0,36.841
Marshall Islands,2011.0,40.28
Marshall Islands,2012.0,36.812
Marshall Islands,2013.0,36.103
Marshall Islands,2014.0,34.815
Marshall Islands,2015.0,33.704
Mauritania,1997.0,
Mauritania,1998.0,
Mauritania,1999.0,
Mauritania,2000.0,234.394
Mauritania,2001.0,231.72
Mauritania,2002.0,204.396
Mauritania,2003.0,177.943
Mauritania,2004.0,170.865
Mauritania,2005.0,154.844
Mauritania,2006.0,82.591
Mauritania,2007.0,73.425
Mauritania,2008.0,77.883
Mauritania,2009.0,89.693
Mauritania,2010.0,80.593
Mauritania,2011.0,71.628
Mauritania,2012.0,73.534
Mauritania,2013.0,66.151
Mauritania,2014.0,77.076
Mauritania,2015.0,91.18
Mauritius,1997.0,
Mauritius,1998.0,
Mauritius,1999.0,
Mauritius,2000.0,45.298
Mauritius,2001.0,44.801
Mauritius,2002.0,52.532
Mauritius,2003.0,59.103
Mauritius,2004.0,51.697
Mauritius,2005.0,53.53
Mauritius,2006.0,51.015
Mauritius,2007.0,47.283
Mauritius,2008.0,44.03
Mauritius,2009.0,52.269
Mauritius,2010.0,52.038
Mauritius,2011.0,52.279
Mauritius,2012.0,51.473
Mauritius,2013.0,53.861
Mauritius,2014.0,56.152
Mauritius,2015.0,58.601
Mexico,1997.0,42.611
Mexico,1998.0,44.094
Mexico,1999.0,46.318
Mexico,2000.0,41.85
Mexico,2001.0,41.111
Mexico,2002.0,43.466
Mexico,2003.0,44.747
Mexico,2004.0,40.845
Mexico,2005.0,39.019
Mexico,2006.0,37.752
Mexico,2007.0,37.534
Mexico,2008.0,42.827
Mexico,2009.0,43.924
Mexico,2010.0,42.229
Mexico,2011.0,43.199
Mexico,2012.0,43.171
Mexico,2013.0,46.352
Mexico,2014.0,49.499
Mexico,2015.0,54.028
Micronesia,1997.0,47.278
Micronesia,1998.0,42.113
Micronesia,1999.0,35.858
Micronesia,2000.0,27.109
Micronesia,2001.0,23.816
Micronesia,2002.0,24.169
Micronesia,2003.0,24.738
Micronesia,2004.0,25.444
Micronesia,2005.0,24.763
Micronesia,2006.0,25.069
Micronesia,2007.0,25.728
Micronesia,2008.0,28.273
Micronesia,2009.0,31.019
Micronesia,2010.0,29.237
Micronesia,2011.0,28.933
Micronesia,2012.0,27.71
Micronesia,2013.0,26.984
Micronesia,2014.0,26.084
Micronesia,2015.0,26.346
Moldova,1997.0,89.049
Moldova,1998.0,159.41
Moldova,1999.0,150.739
Moldova,2000.0,77.103
Moldova,2001.0,74.615
Moldova,2002.0,69.16
Moldova,2003.0,57.948
Moldova,2004.0,43.647
Moldova,2005.0,35.928
Moldova,2006.0,30.904
Moldova,2007.0,24.609
Moldova,2008.0,19.257
Moldova,2009.0,29.125
Moldova,2010.0,26.852
Moldova,2011.0,24.149
Moldova,2012.0,24.538
Moldova,2013.0,23.793
Moldova,2014.0,31.425
Moldova,2015.0,41.462
Mongolia,1997.0,
Mongolia,1998.0,
Mongolia,1999.0,
Mongolia,2000.0,
Mongolia,2001.0,
Mongolia,2002.0,
Mongolia,2003.0,
Mongolia,2004.0,
Mongolia,2005.0,
Mongolia,2006.0,
Mongolia,2007.0,
Mongolia,2008.0,
Mongolia,2009.0,
Mongolia,2010.0,
Mongolia,2011.0,
Mongolia,2012.0,
Mongolia,2013.0,
Mongolia,2014.0,
Mongolia,2015.0,
Montenegro,1997.0,
Montenegro,1998.0,
Montenegro,1999.0,
Montenegro,2000.0,
Montenegro,2001.0,
Montenegro,2002.0,75.73
Montenegro,2003.0,40.261
Montenegro,2004.0,41.604
Montenegro,2005.0,36.32
Montenegro,2006.0,31.908
Montenegro,2007.0,27.503
Montenegro,2008.0,28.996
Montenegro,2009.0,38.25
Montenegro,2010.0,40.661
Montenegro,2011.0,45.552
Montenegro,2012.0,53.419
Montenegro,2013.0,55.18
Montenegro,2014.0,59.912
Montenegro,2015.0,67.232
Morocco,1997.0,73.542
Morocco,1998.0,69.824
Morocco,1999.0,68.572
Morocco,2000.0,70.192
Morocco,2001.0,65.404
Morocco,2002.0,64.253
Morocco,2003.0,61.609
Morocco,2004.0,58.906
Morocco,2005.0,61.642
Morocco,2006.0,56.783
Morocco,2007.0,51.988
Morocco,2008.0,45.443
Morocco,2009.0,46.126
Morocco,2010.0,48.998
Morocco,2011.0,52.547
Morocco,2012.0,58.3
Morocco,2013.0,61.727
Morocco,2014.0,63.454
Morocco,2015.0,64.059
Mozambique,1997.0,
Mozambique,1998.0,
Mozambique,1999.0,115.94
Mozambique,2000.0,118.179
Mozambique,2001.0,123.395
Mozambique,2002.0,75.787
Mozambique,2003.0,74.934
Mozambique,2004.0,59.706
Mozambique,2005.0,70.158
Mozambique,2006.0,46.611
Mozambique,2007.0,35.99
Mozambique,2008.0,36.283
Mozambique,2009.0,41.887
Mozambique,2010.0,43.326
Mozambique,2011.0,38.026
Mozambique,2012.0,40.098
Mozambique,2013.0,53.125
Mozambique,2014.0,62.372
Mozambique,2015.0,86.024
Myanmar,1997.0,
Myanmar,1998.0,169.576
Myanmar,1999.0,125.35
Myanmar,2000.0,146.505
Myanmar,2001.0,215.949
Myanmar,2002.0,161.784
Myanmar,2003.0,124.082
Myanmar,2004.0,118.983
Myanmar,2005.0,110.541
Myanmar,2006.0,90.635
Myanmar,2007.0,62.524
Myanmar,2008.0,53.896
Myanmar,2009.0,55.164
Myanmar,2010.0,49.691
Myanmar,2011.0,44.958
Myanmar,2012.0,39.949
Myanmar,2013.0,34.159
Myanmar,2014.0,29.729
Myanmar,2015.0,34.339
Namibia,1997.0,19.298
Namibia,1998.0,21.927
Namibia,1999.0,22.36
Namibia,2000.0,19.937
Namibia,2001.0,22.216
Namibia,2002.0,21.784
Namibia,2003.0,24.945
Namibia,2004.0,27.49
Namibia,2005.0,26.049
Namibia,2006.0,23.897
Namibia,2007.0,19.388
Namibia,2008.0,18.243
Namibia,2009.0,15.947
Namibia,2010.0,15.502
Namibia,2011.0,23.248
Namibia,2012.0,23.388
Namibia,2013.0,23.208
Namibia,2014.0,23.623
Namibia,2015.0,33.701
Nepal,1997.0,
Nepal,1998.0,
Nepal,1999.0,
Nepal,2000.0,57.931
Nepal,2001.0,57.907
Nepal,2002.0,59.103
Nepal,2003.0,60.426
Nepal,2004.0,58.542
Nepal,2005.0,51.481
Nepal,2006.0,48.898
Nepal,2007.0,43.214
Nepal,2008.0,41.927
Nepal,2009.0,38.53
Nepal,2010.0,34.036
Nepal,2011.0,31.659
Nepal,2012.0,34.459
Nepal,2013.0,31.949
Nepal,2014.0,27.394
Nepal,2015.0,27.976
Netherlands,1997.0,65.578
Netherlands,1998.0,62.452
Netherlands,1999.0,58.173
Netherlands,2000.0,51.35
Netherlands,2001.0,48.684
Netherlands,2002.0,48.172
Netherlands,2003.0,49.306
Netherlands,2004.0,49.614
Netherlands,2005.0,48.943
Netherlands,2006.0,44.475
Netherlands,2007.0,42.376
Netherlands,2008.0,54.467
Netherlands,2009.0,56.493
Netherlands,2010.0,59.34
Netherlands,2011.0,61.634
Netherlands,2012.0,66.388
Netherlands,2013.0,67.74
Netherlands,2014.0,67.946
Netherlands,2015.0,65.119
New Zealand,1997.0,30.815
New Zealand,1998.0,30.7
New Zealand,1999.0,28.486
New Zealand,2000.0,26.72
New Zealand,2001.0,25.068
New Zealand,2002.0,23.498
New Zealand,2003.0,21.98
New Zealand,2004.0,20.03
New Zealand,2005.0,18.501
New Zealand,2006.0,16.369
New Zealand,2007.0,14.505
New Zealand,2008.0,16.887
New Zealand,2009.0,21.651
New Zealand,2010.0,26.866
New Zealand,2011.0,31.537
New Zealand,2012.0,31.948
New Zealand,2013.0,30.802
New Zealand,2014.0,30.319
New Zealand,2015.0,29.947
Nicaragua,1997.0,92.621
Nicaragua,1998.0,92.691
Nicaragua,1999.0,107.008
Nicaragua,2000.0,102.07
Nicaragua,2001.0,93.769
Nicaragua,2002.0,118.327
Nicaragua,2003.0,117.421
Nicaragua,2004.0,90.094
Nicaragua,2005.0,71.4
Nicaragua,2006.0,54.653
Nicaragua,2007.0,31.589
Nicaragua,2008.0,26.481
Nicaragua,2009.0,29.449
Nicaragua,2010.0,30.872
Nicaragua,2011.0,29.272
Nicaragua,2012.0,28.5
Nicaragua,2013.0,29.505
Nicaragua,2014.0,29.334
Nicaragua,2015.0,29.399
Niger,1997.0,91.09
Niger,1998.0,81.654
Niger,1999.0,83.729
Niger,2000.0,88.817
Niger,2001.0,109.165
Niger,2002.0,109.248
Niger,2003.0,87.401
Niger,2004.0,76.717
Niger,2005.0,66.321
Niger,2006.0,27.143
Niger,2007.0,25.148
Niger,2008.0,21.057
Niger,2009.0,27.74
Niger,2010.0,24.29
Niger,2011.0,27.81
Niger,2012.0,26.76
Niger,2013.0,27.224
Niger,2014.0,33.42
Niger,2015.0,45.06
Nigeria,1997.0,24.136
Nigeria,1998.0,22.265
Nigeria,1999.0,64.938
Nigeria,2000.0,57.6
Nigeria,2001.0,53.097
Nigeria,2002.0,43.266
Nigeria,2003.0,41.974
Nigeria,2004.0,35.488
Nigeria,2005.0,18.927
Nigeria,2006.0,7.708
Nigeria,2007.0,8.116
Nigeria,2008.0,7.276
Nigeria,2009.0,8.617
Nigeria,2010.0,9.597
Nigeria,2011.0,10.194
Nigeria,2012.0,10.421
Nigeria,2013.0,10.501
Nigeria,2014.0,10.579
Nigeria,2015.0,11.503
Norway,1997.0,25.171
Norway,1998.0,22.94
Norway,1999.0,24.32
Norway,2000.0,28.099
Norway,2001.0,26.701
Norway,2002.0,33.493
Norway,2003.0,42.669
Norway,2004.0,43.473
Norway,2005.0,42.008
Norway,2006.0,52.332
Norway,2007.0,49.201
Norway,2008.0,47.264
Norway,2009.0,41.972
Norway,2010.0,42.366
Norway,2011.0,28.882
Norway,2012.0,30.022
Norway,2013.0,30.305
Norway,2014.0,27.941
Norway,2015.0,27.941
Oman,1997.0,28.212
Oman,1998.0,40.121
Oman,1999.0,34.93
Oman,2000.0,26.101
Oman,2001.0,25.14
Oman,2002.0,18.695
Oman,2003.0,17.173
Oman,2004.0,15.953
Oman,2005.0,9.871
Oman,2006.0,8.91
Oman,2007.0,7.105
Oman,2008.0,4.842
Oman,2009.0,6.89
Oman,2010.0,5.853
Oman,2011.0,5.181
Oman,2012.0,4.933
Oman,2013.0,5.068
Oman,2014.0,4.882
Oman,2015.0,14.881
Pakistan,1997.0,65.8
Pakistan,1998.0,66.959
Pakistan,1999.0,75.612
Pakistan,2000.0,74.848
Pakistan,2001.0,79.09
Pakistan,2002.0,73.669
Pakistan,2003.0,68.187
Pakistan,2004.0,61.556
Pakistan,2005.0,58.921
Pakistan,2006.0,53.932
Pakistan,2007.0,51.955
Pakistan,2008.0,57.287
Pakistan,2009.0,58.567
Pakistan,2010.0,60.673
Pakistan,2011.0,58.942
Pakistan,2012.0,63.35
Pakistan,2013.0,64.239
Pakistan,2014.0,63.683
Pakistan,2015.0,63.568
Palau,1997.0,
Palau,1998.0,
Palau,1999.0,
Palau,2000.0,
Palau,2001.0,
Palau,2002.0,
Palau,2003.0,
Palau,2004.0,
Palau,2005.0,
Palau,2006.0,
Palau,2007.0,
Palau,2008.0,
Palau,2009.0,
Palau,2010.0,
Palau,2011.0,
Palau,2012.0,
Palau,2013.0,
Palau,2014.0,
Palau,2015.0,
Panama,1997.0,63.392
Panama,1998.0,61.227
Panama,1999.0,58.079
Panama,2000.0,56.434
Panama,2001.0,60.895
Panama,2002.0,60.009
Panama,2003.0,59.477
Panama,2004.0,61.904
Panama,2005.0,62.482
Panama,2006.0,57.649
Panama,2007.0,49.961
Panama,2008.0,42.563
Panama,2009.0,41.287
Panama,2010.0,40.212
Panama,2011.0,37.278
Panama,2012.0,35.703
Panama,2013.0,34.964
Panama,2014.0,37.081
Panama,2015.0,38.771
Papua New Guinea,1997.0,43.168
Papua New Guinea,1998.0,44.949
Papua New Guinea,1999.0,41.044
Papua New Guinea,2000.0,41.61
Papua New Guinea,2001.0,46.85
Papua New Guinea,2002.0,46.388
Papua New Guinea,2003.0,39.729
Papua New Guinea,2004.0,37.193
Papua New Guinea,2005.0,31.68
Papua New Guinea,2006.0,26.133
Papua New Guinea,2007.0,22.405
Papua New Guinea,2008.0,21.783
Papua New Guinea,2009.0,21.846
Papua New Guinea,2010.0,17.342
Papua New Guinea,2011.0,16.307
Papua New Guinea,2012.0,19.148
Papua New Guinea,2013.0,25.027
Papua New Guinea,2014.0,28.11
Papua New Guinea,2015.0,30.552
Paraguay,1997.0,17.963
Paraguay,1998.0,22.717
Paraguay,1999.0,32.059
Paraguay,2000.0,34.659
Paraguay,2001.0,42.741
Paraguay,2002.0,59.387
Paraguay,2003.0,45.101
Paraguay,2004.0,34.462
Paraguay,2005.0,28.01
Paraguay,2006.0,21.459
Paraguay,2007.0,18.142
Paraguay,2008.0,18.148
Paraguay,2009.0,18.245
Paraguay,2010.0,15.607
Paraguay,2011.0,12.993
Paraguay,2012.0,16.175
Paraguay,2013.0,17.024
Paraguay,2014.0,20.244
Paraguay,2015.0,24.192
Peru,1997.0,
Peru,1998.0,
Peru,1999.0,
Peru,2000.0,44.39
Peru,2001.0,43.353
Peru,2002.0,45.048
Peru,2003.0,48.951
Peru,2004.0,46.329
Peru,2005.0,39.962
Peru,2006.0,34.77
Peru,2007.0,31.87
Peru,2008.0,27.963
Peru,2009.0,28.384
Peru,2010.0,25.403
Peru,2011.0,23.024
Peru,2012.0,21.214
Peru,2013.0,20.338
Peru,2014.0,20.71
Peru,2015.0,23.975
Philippines,1997.0,58.682
Philippines,1998.0,51.058
Philippines,1999.0,53.583
Philippines,2000.0,58.774
Philippines,2001.0,58.831
Philippines,2002.0,63.256
Philippines,2003.0,68.036
Philippines,2004.0,65.804
Philippines,2005.0,59.169
Philippines,2006.0,51.582
Philippines,2007.0,44.64
Philippines,2008.0,44.167
Philippines,2009.0,44.343
Philippines,2010.0,43.462
Philippines,2011.0,41.412
Philippines,2012.0,40.609
Philippines,2013.0,39.258
Philippines,2014.0,36.398
Philippines,2015.0,34.795
Poland,1997.0,42.926
Poland,1998.0,38.889
Poland,1999.0,39.567
Poland,2000.0,36.583
Poland,2001.0,37.352
Poland,2002.0,41.779
Poland,2003.0,46.588
Poland,2004.0,45.323
Poland,2005.0,46.703
Poland,2006.0,47.151
Poland,2007.0,44.187
Poland,2008.0,46.612
Poland,2009.0,49.809
Poland,2010.0,53.327
Poland,2011.0,54.367
Poland,2012.0,53.98
Poland,2013.0,55.969
Poland,2014.0,50.486
Poland,2015.0,51.281
Portugal,1997.0,53.698
Portugal,1998.0,49.817
Portugal,1999.0,49.028
Portugal,2000.0,47.926
Portugal,2001.0,50.558
Portugal,2002.0,52.903
Portugal,2003.0,54.676
Portugal,2004.0,56.306
Portugal,2005.0,60.805
Portugal,2006.0,61.619
Portugal,2007.0,68.439
Portugal,2008.0,71.666
Portugal,2009.0,83.609
Portugal,2010.0,96.183
Portugal,2011.0,111.39
Portugal,2012.0,126.21
Portugal,2013.0,129.001
Portugal,2014.0,130.165
Portugal,2015.0,128.977
Puerto Rico,1997.0,
Puerto Rico,1998.0,
Puerto Rico,1999.0,
Puerto Rico,2000.0,
Puerto Rico,2001.0,
Puerto Rico,2002.0,
Puerto Rico,2003.0,
Puerto Rico,2004.0,
Puerto Rico,2005.0,
Puerto Rico,2006.0,33.447
Puerto Rico,2007.0,36.897
Puerto Rico,2008.0,40.764
Puerto Rico,2009.0,46.508
Puerto Rico,2010.0,48.339
Puerto Rico,2011.0,49.997
Puerto Rico,2012.0,53.732
Puerto Rico,2013.0,52.308
Puerto Rico,2014.0,54.737
Puerto Rico,2015.0,52.977
Qatar,1997.0,48.022
Qatar,1998.0,63.367
Qatar,1999.0,74.399
Qatar,2000.0,52.543
Qatar,2001.0,59.087
Qatar,2002.0,47.592
Qatar,2003.0,39.088
Qatar,2004.0,29.035
Qatar,2005.0,19.171
Qatar,2006.0,13.431
Qatar,2007.0,8.928
Qatar,2008.0,11.096
Qatar,2009.0,35.972
Qatar,2010.0,41.842
Qatar,2011.0,35.569
Qatar,2012.0,36.563
Qatar,2013.0,32.599
Qatar,2014.0,31.676
Qatar,2015.0,39.76
Romania,1997.0,
Romania,1998.0,
Romania,1999.0,
Romania,2000.0,29.412
Romania,2001.0,27.192
Romania,2002.0,27.318
Romania,2003.0,24.024
Romania,2004.0,20.981
Romania,2005.0,17.545
Romania,2006.0,12.536
Romania,2007.0,12.652
Romania,2008.0,13.387
Romania,2009.0,23.348
Romania,2010.0,30.535
Romania,2011.0,33.874
Romania,2012.0,37.63
Romania,2013.0,38.826
Romania,2014.0,40.495
Romania,2015.0,39.304
Russia,1997.0,
Russia,1998.0,
Russia,1999.0,92.121
Russia,2000.0,55.712
Russia,2001.0,44.314
Russia,2002.0,37.472
Russia,2003.0,28.255
Russia,2004.0,20.77
Russia,2005.0,14.809
Russia,2006.0,9.776
Russia,2007.0,8.01
Russia,2008.0,7.425
Russia,2009.0,9.89
Russia,2010.0,10.56
Russia,2011.0,10.913
Russia,2012.0,11.761
Russia,2013.0,13.076
Russia,2014.0,15.894
Russia,2015.0,16.423
Rwanda,1997.0,85.674
Rwanda,1998.0,83.15
Rwanda,1999.0,92.957
Rwanda,2000.0,102.512
Rwanda,2001.0,98.646
Rwanda,2002.0,107.901
Rwanda,2003.0,100.617
Rwanda,2004.0,90.806
Rwanda,2005.0,70.665
Rwanda,2006.0,26.577
Rwanda,2007.0,26.709
Rwanda,2008.0,20.904
Rwanda,2009.0,22.366
Rwanda,2010.0,22.557
Rwanda,2011.0,23.061
Rwanda,2012.0,21.461
Rwanda,2013.0,28.684
Rwanda,2014.0,31.127
Rwanda,2015.0,37.294
Samoa,1997.0,
Samoa,1998.0,58.868
Samoa,1999.0,59.364
Samoa,2000.0,55.689
Samoa,2001.0,53.779
Samoa,2002.0,50.287
Samoa,2003.0,42.814
Samoa,2004.0,39.903
Samoa,2005.0,34.101
Samoa,2006.0,33.507
Samoa,2007.0,31.666
Samoa,2008.0,28.906
Samoa,2009.0,35.899
Samoa,2010.0,49.867
Samoa,2011.0,49.147
Samoa,2012.0,52.062
Samoa,2013.0,53.539
Samoa,2014.0,54.404
Samoa,2015.0,57.78
San Marino,1997.0,
San Marino,1998.0,
San Marino,1999.0,
San Marino,2000.0,
San Marino,2001.0,
San Marino,2002.0,
San Marino,2003.0,
San Marino,2004.0,15.498
San Marino,2005.0,13.553
San Marino,2006.0,13.277
San Marino,2007.0,11.439
San Marino,2008.0,13.533
San Marino,2009.0,17.457
San Marino,2010.0,17.538
San Marino,2011.0,14.657
San Marino,2012.0,15.368
San Marino,2013.0,20.831
San Marino,2014.0,19.031
San Marino,2015.0,19.881
S?o Tom? and Pr?ncipe,1997.0,
S?o Tom? and Pr?ncipe,1998.0,
S?o Tom? and Pr?ncipe,1999.0,
S?o Tom? and Pr?ncipe,2000.0,
S?o Tom? and Pr?ncipe,2001.0,406.737
S?o Tom? and Pr?ncipe,2002.0,356.051
S?o Tom? and Pr?ncipe,2003.0,317.113
S?o Tom? and Pr?ncipe,2004.0,336.549
S?o Tom? and Pr?ncipe,2005.0,284.253
S?o Tom? and Pr?ncipe,2006.0,256.764
S?o Tom? and Pr?ncipe,2007.0,101.364
S?o Tom? and Pr?ncipe,2008.0,56.855
S?o Tom? and Pr?ncipe,2009.0,68.027
S?o Tom? and Pr?ncipe,2010.0,75.26
S?o Tom? and Pr?ncipe,2011.0,71.739
S?o Tom? and Pr?ncipe,2012.0,78.294
S?o Tom? and Pr?ncipe,2013.0,71.42
S?o Tom? and Pr?ncipe,2014.0,68.885
S?o Tom? and Pr?ncipe,2015.0,82.264
Saudi Arabia,1997.0,76.704
Saudi Arabia,1998.0,101.523
Saudi Arabia,1999.0,102.992
Saudi Arabia,2000.0,86.702
Saudi Arabia,2001.0,93.148
Saudi Arabia,2002.0,96.352
Saudi Arabia,2003.0,81.564
Saudi Arabia,2004.0,62.928
Saudi Arabia,2005.0,37.342
Saudi Arabia,2006.0,25.831
Saudi Arabia,2007.0,17.115
Saudi Arabia,2008.0,12.056
Saudi Arabia,2009.0,13.989
Saudi Arabia,2010.0,8.448
Saudi Arabia,2011.0,5.397
Saudi Arabia,2012.0,3.59
Saudi Arabia,2013.0,2.154
Saudi Arabia,2014.0,1.567
Saudi Arabia,2015.0,5.007
Senegal,1997.0,85.197
Senegal,1998.0,23.846
Senegal,1999.0,19.204
Senegal,2000.0,73.721
Senegal,2001.0,70.931
Senegal,2002.0,67.975
Senegal,2003.0,54.701
Senegal,2004.0,47.591
Senegal,2005.0,45.664
Senegal,2006.0,21.838
Senegal,2007.0,23.485
Senegal,2008.0,23.937
Senegal,2009.0,34.159
Senegal,2010.0,35.515
Senegal,2011.0,40.69
Senegal,2012.0,42.816
Senegal,2013.0,46.935
Senegal,2014.0,54.245
Senegal,2015.0,56.829
Serbia,1997.0,
Serbia,1998.0,
Serbia,1999.0,
Serbia,2000.0,224.751
Serbia,2001.0,106.305
Serbia,2002.0,76.12
Serbia,2003.0,71.759
Serbia,2004.0,62.178
Serbia,2005.0,54.109
Serbia,2006.0,40.297
Serbia,2007.0,33.436
Serbia,2008.0,32.377
Serbia,2009.0,35.952
Serbia,2010.0,43.679
Serbia,2011.0,46.609
Serbia,2012.0,58.316
Serbia,2013.0,61.418
Serbia,2014.0,72.007
Serbia,2015.0,77.432
Seychelles,1997.0,143.013
Seychelles,1998.0,161.24
Seychelles,1999.0,159.787
Seychelles,2000.0,172.561
Seychelles,2001.0,201.27
Seychelles,2002.0,202.052
Seychelles,2003.0,175.715
Seychelles,2004.0,163.226
Seychelles,2005.0,144.064
Seychelles,2006.0,132.509
Seychelles,2007.0,130.749
Seychelles,2008.0,130.009
Seychelles,2009.0,121.292
Seychelles,2010.0,81.894
Seychelles,2011.0,77.289
Seychelles,2012.0,82.538
Seychelles,2013.0,68.796
Seychelles,2014.0,68.629
Seychelles,2015.0,69.0
Sierra Leone,1997.0,
Sierra Leone,1998.0,
Sierra Leone,1999.0,
Sierra Leone,2000.0,
Sierra Leone,2001.0,180.656
Sierra Leone,2002.0,158.815
Sierra Leone,2003.0,160.348
Sierra Leone,2004.0,151.598
Sierra Leone,2005.0,130.898
Sierra Leone,2006.0,103.229
Sierra Leone,2007.0,42.166
Sierra Leone,2008.0,42.374
Sierra Leone,2009.0,48.05
Sierra Leone,2010.0,46.849
Sierra Leone,2011.0,44.751
Sierra Leone,2012.0,36.765
Sierra Leone,2013.0,30.545
Sierra Leone,2014.0,34.964
Sierra Leone,2015.0,43.758
Singapore,1997.0,68.287
Singapore,1998.0,81.481
Singapore,1999.0,83.569
Singapore,2000.0,79.866
Singapore,2001.0,93.689
Singapore,2002.0,94.324
Singapore,2003.0,97.644
Singapore,2004.0,94.687
Singapore,2005.0,92.068
Singapore,2006.0,85.117
Singapore,2007.0,84.717
Singapore,2008.0,95.343
Singapore,2009.0,99.658
Singapore,2010.0,97.025
Singapore,2011.0,101.093
Singapore,2012.0,105.811
Singapore,2013.0,103.055
Singapore,2014.0,98.46
Singapore,2015.0,104.749
Slovak Republic,1997.0,32.981
Slovak Republic,1998.0,33.861
Slovak Republic,1999.0,47.08
Slovak Republic,2000.0,49.624
Slovak Republic,2001.0,48.281
Slovak Republic,2002.0,42.882
Slovak Republic,2003.0,41.589
Slovak Republic,2004.0,40.639
Slovak Republic,2005.0,33.928
Slovak Republic,2006.0,30.767
Slovak Republic,2007.0,29.898
Slovak Republic,2008.0,28.214
Slovak Republic,2009.0,36.008
Slovak Republic,2010.0,40.815
Slovak Republic,2011.0,43.269
Slovak Republic,2012.0,52.369
Slovak Republic,2013.0,54.987
Slovak Republic,2014.0,53.897
Slovak Republic,2015.0,52.908
Slovenia,1997.0,20.703
Slovenia,1998.0,21.249
Slovenia,1999.0,22.016
Slovenia,2000.0,29.011
Slovenia,2001.0,28.541
Slovenia,2002.0,28.396
Slovenia,2003.0,27.044
Slovenia,2004.0,26.833
Slovenia,2005.0,26.302
Slovenia,2006.0,26.0
Slovenia,2007.0,22.657
Slovenia,2008.0,21.649
Slovenia,2009.0,34.479
Slovenia,2010.0,38.177
Slovenia,2011.0,46.438
Slovenia,2012.0,53.896
Slovenia,2013.0,71.01
Slovenia,2014.0,80.892
Slovenia,2015.0,83.149
Solomon Islands,1997.0,
Solomon Islands,1998.0,
Solomon Islands,1999.0,
Solomon Islands,2000.0,
Solomon Islands,2001.0,
Solomon Islands,2002.0,
Solomon Islands,2003.0,70.68
Solomon Islands,2004.0,58.17
Solomon Islands,2005.0,53.259
Solomon Islands,2006.0,48.363
Solomon Islands,2007.0,43.906
Solomon Islands,2008.0,35.491
Solomon Islands,2009.0,33.854
Solomon Islands,2010.0,28.929
Solomon Islands,2011.0,21.719
Solomon Islands,2012.0,17.595
Solomon Islands,2013.0,15.539
Solomon Islands,2014.0,13.278
Solomon Islands,2015.0,10.383
South Africa,1997.0,
South Africa,1998.0,
South Africa,1999.0,
South Africa,2000.0,42.21
South Africa,2001.0,42.402
South Africa,2002.0,35.547
South Africa,2003.0,35.428
South Africa,2004.0,34.393
South Africa,2005.0,33.212
South Africa,2006.0,31.355
South Africa,2007.0,27.061
South Africa,2008.0,26.506
South Africa,2009.0,30.078
South Africa,2010.0,34.675
South Africa,2011.0,38.227
South Africa,2012.0,40.999
South Africa,2013.0,43.986
South Africa,2014.0,46.895
South Africa,2015.0,49.778
South Sudan,1997.0,
South Sudan,1998.0,
South Sudan,1999.0,
South Sudan,2000.0,
South Sudan,2001.0,
South Sudan,2002.0,
South Sudan,2003.0,
South Sudan,2004.0,
South Sudan,2005.0,
South Sudan,2006.0,
South Sudan,2007.0,
South Sudan,2008.0,
South Sudan,2009.0,
South Sudan,2010.0,
South Sudan,2011.0,0.0
South Sudan,2012.0,8.906
South Sudan,2013.0,17.595
South Sudan,2014.0,37.46
South Sudan,2015.0,63.649
Spain,1997.0,66.206
Spain,1998.0,64.212
Spain,1999.0,62.459
Spain,2000.0,57.959
Spain,2001.0,54.163
Spain,2002.0,51.268
Spain,2003.0,47.64
Spain,2004.0,45.261
Spain,2005.0,42.284
Spain,2006.0,38.907
Spain,2007.0,35.51
Spain,2008.0,39.399
Spain,2009.0,52.705
Spain,2010.0,60.066
Spain,2011.0,69.462
Spain,2012.0,85.411
Spain,2013.0,93.675
Spain,2014.0,99.287
Spain,2015.0,99.26
Sri Lanka,1997.0,82.984
Sri Lanka,1998.0,87.829
Sri Lanka,1999.0,91.914
Sri Lanka,2000.0,93.696
Sri Lanka,2001.0,99.803
Sri Lanka,2002.0,102.097
Sri Lanka,2003.0,102.271
Sri Lanka,2004.0,102.328
Sri Lanka,2005.0,90.605
Sri Lanka,2006.0,87.885
Sri Lanka,2007.0,84.997
Sri Lanka,2008.0,81.37
Sri Lanka,2009.0,86.064
Sri Lanka,2010.0,81.909
Sri Lanka,2011.0,78.452
Sri Lanka,2012.0,79.172
Sri Lanka,2013.0,78.315
Sri Lanka,2014.0,75.535
Sri Lanka,2015.0,76.036
St. Kitts and Nevis,1997.0,66.523
St. Kitts and Nevis,1998.0,77.416
St. Kitts and Nevis,1999.0,89.185
St. Kitts and Nevis,2000.0,96.795
St. Kitts and Nevis,2001.0,104.757
St. Kitts and Nevis,2002.0,119.782
St. Kitts and Nevis,2003.0,142.64
St. Kitts and Nevis,2004.0,154.889
St. Kitts and Nevis,2005.0,157.942
St. Kitts and Nevis,2006.0,143.781
St. Kitts and Nevis,2007.0,135.002
St. Kitts and Nevis,2008.0,131.932
St. Kitts and Nevis,2009.0,144.12
St. Kitts and Nevis,2010.0,159.312
St. Kitts and Nevis,2011.0,151.677
St. Kitts and Nevis,2012.0,138.396
St. Kitts and Nevis,2013.0,101.175
St. Kitts and Nevis,2014.0,79.76
St. Kitts and Nevis,2015.0,67.76
St. Lucia,1997.0,31.671
St. Lucia,1998.0,34.553
St. Lucia,1999.0,34.198
St. Lucia,2000.0,39.072
St. Lucia,2001.0,45.602
St. Lucia,2002.0,57.215
St. Lucia,2003.0,53.48
St. Lucia,2004.0,58.211
St. Lucia,2005.0,60.157
St. Lucia,2006.0,56.86
St. Lucia,2007.0,56.303
St. Lucia,2008.0,56.166
St. Lucia,2009.0,59.657
St. Lucia,2010.0,62.779
St. Lucia,2011.0,67.378
St. Lucia,2012.0,74.494
St. Lucia,2013.0,79.565
St. Lucia,2014.0,80.252
St. Lucia,2015.0,79.129
St. Vincent and the Grenadines,1997.0,42.776
St. Vincent and the Grenadines,1998.0,43.338
St. Vincent and the Grenadines,1999.0,58.106
St. Vincent and the Grenadines,2000.0,58.937
St. Vincent and the Grenadines,2001.0,56.524
St. Vincent and the Grenadines,2002.0,56.459
St. Vincent and the Grenadines,2003.0,53.91
St. Vincent and the Grenadines,2004.0,62.015
St. Vincent and the Grenadines,2005.0,65.449
St. Vincent and the Grenadines,2006.0,64.116
St. Vincent and the Grenadines,2007.0,53.323
St. Vincent and the Grenadines,2008.0,56.741
St. Vincent and the Grenadines,2009.0,63.572
St. Vincent and the Grenadines,2010.0,65.449
St. Vincent and the Grenadines,2011.0,68.767
St. Vincent and the Grenadines,2012.0,72.015
St. Vincent and the Grenadines,2013.0,74.632
St. Vincent and the Grenadines,2014.0,79.724
St. Vincent and the Grenadines,2015.0,79.289
Sudan,1997.0,146.237
Sudan,1998.0,173.56
Sudan,1999.0,164.268
Sudan,2000.0,153.635
Sudan,2001.0,151.261
Sudan,2002.0,148.244
Sudan,2003.0,141.592
Sudan,2004.0,118.132
Sudan,2005.0,94.953
Sudan,2006.0,74.979
Sudan,2007.0,70.711
Sudan,2008.0,68.849
Sudan,2009.0,72.112
Sudan,2010.0,73.116
Sudan,2011.0,70.584
Sudan,2012.0,94.246
Sudan,2013.0,89.867
Sudan,2014.0,77.26
Sudan,2015.0,72.908
Suriname,1997.0,17.968
Suriname,1998.0,23.176
Suriname,1999.0,34.588
Suriname,2000.0,38.269
Suriname,2001.0,39.826
Suriname,2002.0,38.118
Suriname,2003.0,33.506
Suriname,2004.0,31.57
Suriname,2005.0,28.841
Suriname,2006.0,23.965
Suriname,2007.0,17.377
Suriname,2008.0,15.639
Suriname,2009.0,15.553
Suriname,2010.0,18.47
Suriname,2011.0,19.833
Suriname,2012.0,21.385
Suriname,2013.0,31.434
Suriname,2014.0,29.017
Suriname,2015.0,43.457
Swaziland,1997.0,13.342
Swaziland,1998.0,17.42
Swaziland,1999.0,18.006
Swaziland,2000.0,18.885
Swaziland,2001.0,20.322
Swaziland,2002.0,18.219
Swaziland,2003.0,18.545
Swaziland,2004.0,14.809
Swaziland,2005.0,13.229
Swaziland,2006.0,14.518
Swaziland,2007.0,15.96
Swaziland,2008.0,14.291
Swaziland,2009.0,10.317
Swaziland,2010.0,13.496
Swaziland,2011.0,13.851
Swaziland,2012.0,14.355
Swaziland,2013.0,14.516
Swaziland,2014.0,13.427
Swaziland,2015.0,16.999
Sweden,1997.0,69.008
Sweden,1998.0,66.731
Sweden,1999.0,61.354
Sweden,2000.0,51.294
Sweden,2001.0,51.871
Sweden,2002.0,49.943
Sweden,2003.0,49.135
Sweden,2004.0,47.682
Sweden,2005.0,47.97
Sweden,2006.0,42.98
Sweden,2007.0,38.109
Sweden,2008.0,36.684
Sweden,2009.0,40.195
Sweden,2010.0,37.588
Sweden,2011.0,36.941
Sweden,2012.0,37.174
Sweden,2013.0,39.771
Sweden,2014.0,44.781
Sweden,2015.0,43.397
Switzerland,1997.0,56.947
Switzerland,1998.0,59.351
Switzerland,1999.0,55.77
Switzerland,2000.0,54.563
Switzerland,2001.0,53.539
Switzerland,2002.0,60.348
Switzerland,2003.0,59.447
Switzerland,2004.0,60.768
Switzerland,2005.0,58.256
Switzerland,2006.0,51.667
Switzerland,2007.0,49.526
Switzerland,2008.0,49.398
Switzerland,2009.0,47.337
Switzerland,2010.0,46.132
Switzerland,2011.0,46.027
Switzerland,2012.0,46.632
Switzerland,2013.0,46.352
Switzerland,2014.0,45.661
Switzerland,2015.0,45.656
Syria,1997.0,147.623
Syria,1998.0,151.225
Syria,1999.0,147.698
Syria,2000.0,152.094
Syria,2001.0,144.49
Syria,2002.0,132.427
Syria,2003.0,133.37
Syria,2004.0,113.047
Syria,2005.0,50.71
Syria,2006.0,44.977
Syria,2007.0,42.672
Syria,2008.0,37.319
Syria,2009.0,31.212
Syria,2010.0,30.024
Syria,2011.0,
Syria,2012.0,
Syria,2013.0,
Syria,2014.0,
Syria,2015.0,
Taiwan Province of China,1997.0,24.948
Taiwan Province of China,1998.0,23.642
Taiwan Province of China,1999.0,23.657
Taiwan Province of China,2000.0,26.166
Taiwan Province of China,2001.0,30.008
Taiwan Province of China,2002.0,29.638
Taiwan Province of China,2003.0,32.027
Taiwan Province of China,2004.0,33.292
Taiwan Province of China,2005.0,33.914
Taiwan Province of China,2006.0,33.12
Taiwan Province of China,2007.0,32.055
Taiwan Province of China,2008.0,33.267
Taiwan Province of China,2009.0,36.599
Taiwan Province of China,2010.0,36.745
Taiwan Province of China,2011.0,38.246
Taiwan Province of China,2012.0,39.218
Taiwan Province of China,2013.0,39.035
Taiwan Province of China,2014.0,37.899
Taiwan Province of China,2015.0,36.455
Tajikistan,1997.0,
Tajikistan,1998.0,96.567
Tajikistan,1999.0,107.807
Tajikistan,2000.0,111.429
Tajikistan,2001.0,103.573
Tajikistan,2002.0,89.505
Tajikistan,2003.0,65.068
Tajikistan,2004.0,44.368
Tajikistan,2005.0,41.796
Tajikistan,2006.0,35.291
Tajikistan,2007.0,34.603
Tajikistan,2008.0,29.955
Tajikistan,2009.0,36.22
Tajikistan,2010.0,36.342
Tajikistan,2011.0,35.455
Tajikistan,2012.0,32.366
Tajikistan,2013.0,29.194
Tajikistan,2014.0,28.194
Tajikistan,2015.0,34.083
Tanzania,1997.0,
Tanzania,1998.0,
Tanzania,1999.0,
Tanzania,2000.0,
Tanzania,2001.0,50.239
Tanzania,2002.0,47.035
Tanzania,2003.0,44.315
Tanzania,2004.0,44.603
Tanzania,2005.0,46.755
Tanzania,2006.0,32.841
Tanzania,2007.0,21.598
Tanzania,2008.0,21.515
Tanzania,2009.0,24.359
Tanzania,2010.0,27.343
Tanzania,2011.0,27.842
Tanzania,2012.0,29.151
Tanzania,2013.0,30.901
Tanzania,2014.0,33.795
Tanzania,2015.0,36.516
Thailand,1997.0,40.455
Thailand,1998.0,49.881
Thailand,1999.0,56.585
Thailand,2000.0,57.826
Thailand,2001.0,57.522
Thailand,2002.0,55.052
Thailand,2003.0,47.501
Thailand,2004.0,46.266
Thailand,2005.0,43.966
Thailand,2006.0,39.177
Thailand,2007.0,35.985
Thailand,2008.0,34.947
Thailand,2009.0,42.378
Thailand,2010.0,39.859
Thailand,2011.0,39.137
Thailand,2012.0,41.946
Thailand,2013.0,42.247
Thailand,2014.0,43.568
Thailand,2015.0,43.108
Timor-Leste,1997.0,
Timor-Leste,1998.0,
Timor-Leste,1999.0,
Timor-Leste,2000.0,
Timor-Leste,2001.0,
Timor-Leste,2002.0,
Timor-Leste,2003.0,
Timor-Leste,2004.0,
Timor-Leste,2005.0,
Timor-Leste,2006.0,
Timor-Leste,2007.0,
Timor-Leste,2008.0,
Timor-Leste,2009.0,
Timor-Leste,2010.0,
Timor-Leste,2011.0,
Timor-Leste,2012.0,
Timor-Leste,2013.0,
Timor-Leste,2014.0,
Timor-Leste,2015.0,
Togo,1997.0,
Togo,1998.0,
Togo,1999.0,
Togo,2000.0,
Togo,2001.0,102.704
Togo,2002.0,85.207
Togo,2003.0,85.033
Togo,2004.0,101.956
Togo,2005.0,91.749
Togo,2006.0,96.785
Togo,2007.0,107.784
Togo,2008.0,88.48
Togo,2009.0,73.404
Togo,2010.0,49.914
Togo,2011.0,49.312
Togo,2012.0,49.036
Togo,2013.0,51.226
Togo,2014.0,57.537
Togo,2015.0,62.27
Tonga,1997.0,
Tonga,1998.0,
Tonga,1999.0,
Tonga,2000.0,
Tonga,2001.0,
Tonga,2002.0,
Tonga,2003.0,
Tonga,2004.0,
Tonga,2005.0,
Tonga,2006.0,
Tonga,2007.0,
Tonga,2008.0,
Tonga,2009.0,
Tonga,2010.0,
Tonga,2011.0,
Tonga,2012.0,
Tonga,2013.0,
Tonga,2014.0,
Tonga,2015.0,
Trinidad and Tobago,1997.0,52.226
Trinidad and Tobago,1998.0,48.168
Trinidad and Tobago,1999.0,56.123
Trinidad and Tobago,2000.0,53.231
Trinidad and Tobago,2001.0,55.042
Trinidad and Tobago,2002.0,57.649
Trinidad and Tobago,2003.0,52.022
Trinidad and Tobago,2004.0,44.184
Trinidad and Tobago,2005.0,36.009
Trinidad and Tobago,2006.0,31.861
Trinidad and Tobago,2007.0,26.093
Trinidad and Tobago,2008.0,21.523
Trinidad and Tobago,2009.0,30.591
Trinidad and Tobago,2010.0,33.831
Trinidad and Tobago,2011.0,30.908
Trinidad and Tobago,2012.0,41.425
Trinidad and Tobago,2013.0,41.037
Trinidad and Tobago,2014.0,40.014
Trinidad and Tobago,2015.0,44.202
Tunisia,1997.0,69.893
Tunisia,1998.0,61.042
Tunisia,1999.0,64.955
Tunisia,2000.0,65.935
Tunisia,2001.0,67.593
Tunisia,2002.0,67.368
Tunisia,2003.0,66.368
Tunisia,2004.0,54.101
Tunisia,2005.0,52.422
Tunisia,2006.0,47.952
Tunisia,2007.0,44.8
Tunisia,2008.0,42.021
Tunisia,2009.0,40.543
Tunisia,2010.0,39.217
Tunisia,2011.0,43.068
Tunisia,2012.0,47.676
Tunisia,2013.0,46.84
Tunisia,2014.0,51.561
Tunisia,2015.0,55.707
Turkey,1997.0,
Turkey,1998.0,
Turkey,1999.0,
Turkey,2000.0,51.31
Turkey,2001.0,77.936
Turkey,2002.0,74.0
Turkey,2003.0,67.698
Turkey,2004.0,59.612
Turkey,2005.0,52.71
Turkey,2006.0,46.524
Turkey,2007.0,39.907
Turkey,2008.0,39.984
Turkey,2009.0,46.073
Turkey,2010.0,42.335
Turkey,2011.0,39.142
Turkey,2012.0,36.158
Turkey,2013.0,36.138
Turkey,2014.0,33.52
Turkey,2015.0,32.93
Turkmenistan,1997.0,50.652
Turkmenistan,1998.0,64.41
Turkmenistan,1999.0,52.614
Turkmenistan,2000.0,43.508
Turkmenistan,2001.0,26.899
Turkmenistan,2002.0,19.078
Turkmenistan,2003.0,13.35
Turkmenistan,2004.0,9.008
Turkmenistan,2005.0,5.379
Turkmenistan,2006.0,3.334
Turkmenistan,2007.0,2.416
Turkmenistan,2008.0,2.809
Turkmenistan,2009.0,2.436
Turkmenistan,2010.0,4.114
Turkmenistan,2011.0,10.048
Turkmenistan,2012.0,18.066
Turkmenistan,2013.0,20.79
Turkmenistan,2014.0,17.407
Turkmenistan,2015.0,23.163
Tuvalu,1997.0,
Tuvalu,1998.0,
Tuvalu,1999.0,
Tuvalu,2000.0,
Tuvalu,2001.0,
Tuvalu,2002.0,
Tuvalu,2003.0,
Tuvalu,2004.0,
Tuvalu,2005.0,39.414
Tuvalu,2006.0,39.787
Tuvalu,2007.0,34.601
Tuvalu,2008.0,37.466
Tuvalu,2009.0,31.044
Tuvalu,2010.0,27.489
Tuvalu,2011.0,23.814
Tuvalu,2012.0,25.936
Tuvalu,2013.0,57.18
Tuvalu,2014.0,64.373
Tuvalu,2015.0,58.207
Uganda,1997.0,57.342
Uganda,1998.0,58.508
Uganda,1999.0,61.913
Uganda,2000.0,62.986
Uganda,2001.0,66.629
Uganda,2002.0,70.987
Uganda,2003.0,71.543
Uganda,2004.0,63.533
Uganda,2005.0,55.225
Uganda,2006.0,36.016
Uganda,2007.0,22.026
Uganda,2008.0,20.311
Uganda,2009.0,19.194
Uganda,2010.0,22.939
Uganda,2011.0,23.645
Uganda,2012.0,24.16
Uganda,2013.0,27.696
Uganda,2014.0,31.208
Uganda,2015.0,34.386
Ukraine,1997.0,28.892
Ukraine,1998.0,46.537
Ukraine,1999.0,58.959
Ukraine,2000.0,43.79
Ukraine,2001.0,35.34
Ukraine,2002.0,32.344
Ukraine,2003.0,28.299
Ukraine,2004.0,23.885
Ukraine,2005.0,17.088
Ukraine,2006.0,14.256
Ukraine,2007.0,11.815
Ukraine,2008.0,19.662
Ukraine,2009.0,34.121
Ukraine,2010.0,40.626
Ukraine,2011.0,36.876
Ukraine,2012.0,37.542
Ukraine,2013.0,40.652
Ukraine,2014.0,70.307
Ukraine,2015.0,80.082
United Arab Emirates,1997.0,
United Arab Emirates,1998.0,
United Arab Emirates,1999.0,4.815
United Arab Emirates,2000.0,3.093
United Arab Emirates,2001.0,2.69
United Arab Emirates,2002.0,3.595
United Arab Emirates,2003.0,4.404
United Arab Emirates,2004.0,5.64
United Arab Emirates,2005.0,6.632
United Arab Emirates,2006.0,6.842
United Arab Emirates,2007.0,7.853
United Arab Emirates,2008.0,12.531
United Arab Emirates,2009.0,24.084
United Arab Emirates,2010.0,22.225
United Arab Emirates,2011.0,17.552
United Arab Emirates,2012.0,17.035
United Arab Emirates,2013.0,15.82
United Arab Emirates,2014.0,15.585
United Arab Emirates,2015.0,18.076
United Kingdom,1997.0,43.867
United Kingdom,1998.0,41.642
United Kingdom,1999.0,39.553
United Kingdom,2000.0,36.98
United Kingdom,2001.0,34.304
United Kingdom,2002.0,34.235
United Kingdom,2003.0,35.756
United Kingdom,2004.0,38.661
United Kingdom,2005.0,40.014
United Kingdom,2006.0,41.017
United Kingdom,2007.0,42.21
United Kingdom,2008.0,50.267
United Kingdom,2009.0,64.203
United Kingdom,2010.0,75.737
United Kingdom,2011.0,81.324
United Kingdom,2012.0,84.818
United Kingdom,2013.0,85.995
United Kingdom,2014.0,87.935
United Kingdom,2015.0,88.984
United States,1997.0,
United States,1998.0,
United States,1999.0,
United States,2000.0,
United States,2001.0,53.022
United States,2002.0,55.379
United States,2003.0,58.517
United States,2004.0,65.492
United States,2005.0,64.893
United States,2006.0,63.641
United States,2007.0,64.014
United States,2008.0,72.847
United States,2009.0,86.034
United States,2010.0,94.732
United States,2011.0,98.995
United States,2012.0,102.498
United States,2013.0,104.621
United States,2014.0,104.605
United States,2015.0,105.152
Uruguay,1997.0,
Uruguay,1998.0,
Uruguay,1999.0,
Uruguay,2000.0,
Uruguay,2001.0,54.89
Uruguay,2002.0,109.579
Uruguay,2003.0,111.546
Uruguay,2004.0,93.547
Uruguay,2005.0,83.919
Uruguay,2006.0,75.697
Uruguay,2007.0,67.985
Uruguay,2008.0,67.751
Uruguay,2009.0,63.099
Uruguay,2010.0,59.412
Uruguay,2011.0,58.096
Uruguay,2012.0,58.01
Uruguay,2013.0,60.184
Uruguay,2014.0,61.404
Uruguay,2015.0,64.287
Uzbekistan,1997.0,
Uzbekistan,1998.0,29.38
Uzbekistan,1999.0,29.355
Uzbekistan,2000.0,42.126
Uzbekistan,2001.0,59.375
Uzbekistan,2002.0,54.598
Uzbekistan,2003.0,41.636
Uzbekistan,2004.0,35.121
Uzbekistan,2005.0,28.193
Uzbekistan,2006.0,21.34
Uzbekistan,2007.0,15.786
Uzbekistan,2008.0,12.733
Uzbekistan,2009.0,10.981
Uzbekistan,2010.0,9.961
Uzbekistan,2011.0,9.088
Uzbekistan,2012.0,8.554
Uzbekistan,2013.0,8.276
Uzbekistan,2014.0,7.642
Uzbekistan,2015.0,10.756
Vanuatu,1997.0,22.943
Vanuatu,1998.0,28.046
Vanuatu,1999.0,30.619
Vanuatu,2000.0,36.108
Vanuatu,2001.0,37.036
Vanuatu,2002.0,38.806
Vanuatu,2003.0,38.264
Vanuatu,2004.0,30.413
Vanuatu,2005.0,26.276
Vanuatu,2006.0,22.162
Vanuatu,2007.0,19.11
Vanuatu,2008.0,20.612
Vanuatu,2009.0,20.521
Vanuatu,2010.0,19.355
Vanuatu,2011.0,20.707
Vanuatu,2012.0,21.749
Vanuatu,2013.0,20.568
Vanuatu,2014.0,19.316
Vanuatu,2015.0,25.631
Venezuela,1997.0,
Venezuela,1998.0,31.445
Venezuela,1999.0,31.184
Venezuela,2000.0,28.241
Venezuela,2001.0,31.724
Venezuela,2002.0,55.032
Venezuela,2003.0,55.817
Venezuela,2004.0,42.174
Venezuela,2005.0,35.565
Venezuela,2006.0,25.658
Venezuela,2007.0,26.364
Venezuela,2008.0,20.311
Venezuela,2009.0,27.574
Venezuela,2010.0,36.461
Venezuela,2011.0,50.57
Venezuela,2012.0,58.092
Venezuela,2013.0,73.702
Venezuela,2014.0,63.489
Venezuela,2015.0,41.501
Vietnam,1997.0,
Vietnam,1998.0,
Vietnam,1999.0,
Vietnam,2000.0,31.432
Vietnam,2001.0,32.277
Vietnam,2002.0,35.186
Vietnam,2003.0,37.882
Vietnam,2004.0,37.446
Vietnam,2005.0,36.542
Vietnam,2006.0,38.407
Vietnam,2007.0,40.897
Vietnam,2008.0,39.419
Vietnam,2009.0,45.167
Vietnam,2010.0,48.084
Vietnam,2011.0,45.787
Vietnam,2012.0,47.921
Vietnam,2013.0,51.83
Vietnam,2014.0,55.134
Vietnam,2015.0,58.253
Yemen,1997.0,
Yemen,1998.0,
Yemen,1999.0,96.05
Yemen,2000.0,60.841
Yemen,2001.0,60.569
Yemen,2002.0,57.827
Yemen,2003.0,56.823
Yemen,2004.0,52.068
Yemen,2005.0,43.801
Yemen,2006.0,40.842
Yemen,2007.0,40.408
Yemen,2008.0,36.421
Yemen,2009.0,49.842
Yemen,2010.0,42.38
Yemen,2011.0,45.726
Yemen,2012.0,47.312
Yemen,2013.0,48.2
Yemen,2014.0,48.722
Yemen,2015.0,66.671
Zambia,1997.0,
Zambia,1998.0,
Zambia,1999.0,
Zambia,2000.0,28.889
Zambia,2001.0,21.893
Zambia,2002.0,21.737
Zambia,2003.0,23.921
Zambia,2004.0,19.262
Zambia,2005.0,16.718
Zambia,2006.0,24.999
Zambia,2007.0,21.932
Zambia,2008.0,19.196
Zambia,2009.0,20.522
Zambia,2010.0,18.892
Zambia,2011.0,20.803
Zambia,2012.0,24.911
Zambia,2013.0,25.915
Zambia,2014.0,33.606
Zambia,2015.0,56.282
Zimbabwe,1997.0,
Zimbabwe,1998.0,
Zimbabwe,1999.0,
Zimbabwe,2000.0,
Zimbabwe,2001.0,
Zimbabwe,2002.0,
Zimbabwe,2003.0,
Zimbabwe,2004.0,
Zimbabwe,2005.0,38.575
Zimbabwe,2006.0,44.715
Zimbabwe,2007.0,50.061
Zimbabwe,2008.0,68.864
Zimbabwe,2009.0,68.294
Zimbabwe,2010.0,63.192
Zimbabwe,2011.0,51.761
Zimbabwe,2012.0,56.73
Zimbabwe,2013.0,54.559
Zimbabwe,2014.0,55.273
Zimbabwe,2015.0,58.899
