Country,Year,Total investment
Afghanistan,1997.0,
Afghanistan,1998.0,
Afghanistan,1999.0,
Afghanistan,2000.0,
Afghanistan,2001.0,
Afghanistan,2002.0,27.243
Afghanistan,2003.0,30.36
Afghanistan,2004.0,35.354
Afghanistan,2005.0,37.051
Afghanistan,2006.0,29.492
Afghanistan,2007.0,55.856
Afghanistan,2008.0,30.226
Afghanistan,2009.0,36.67
Afghanistan,2010.0,30.402
Afghanistan,2011.0,26.582
Afghanistan,2012.0,25.337
Afghanistan,2013.0,23.093
Afghanistan,2014.0,17.618
Afghanistan,2015.0,18.602
Albania,1997.0,16.659
Albania,1998.0,19.743
Albania,1999.0,19.735
Albania,2000.0,30.796
Albania,2001.0,34.989
Albania,2002.0,35.264
Albania,2003.0,33.897
Albania,2004.0,34.197
Albania,2005.0,36.87
Albania,2006.0,35.698
Albania,2007.0,34.462
Albania,2008.0,33.372
Albania,2009.0,32.215
Albania,2010.0,31.305
Albania,2011.0,33.462
Albania,2012.0,29.824
Albania,2013.0,27.165
Albania,2014.0,25.96
Albania,2015.0,26.226
Algeria,1997.0,22.44
Algeria,1998.0,27.146
Algeria,1999.0,28.717
Algeria,2000.0,25.014
Algeria,2001.0,26.754
Algeria,2002.0,30.804
Algeria,2003.0,30.337
Algeria,2004.0,33.305
Algeria,2005.0,31.334
Algeria,2006.0,29.837
Algeria,2007.0,34.294
Algeria,2008.0,37.349
Algeria,2009.0,46.959
Algeria,2010.0,42.328
Algeria,2011.0,38.309
Algeria,2012.0,40.723
Algeria,2013.0,44.716
Algeria,2014.0,47.824
Algeria,2015.0,51.335
Angola,1997.0,25.468
Angola,1998.0,35.198
Angola,1999.0,28.796
Angola,2000.0,15.053
Angola,2001.0,13.628
Angola,2002.0,11.821
Angola,2003.0,12.843
Angola,2004.0,9.167
Angola,2005.0,8.779
Angola,2006.0,15.361
Angola,2007.0,13.505
Angola,2008.0,16.219
Angola,2009.0,15.229
Angola,2010.0,14.433
Angola,2011.0,12.906
Angola,2012.0,14.932
Angola,2013.0,14.698
Angola,2014.0,15.34
Angola,2015.0,9.146
Antigua and Barbuda,1997.0,
Antigua and Barbuda,1998.0,
Antigua and Barbuda,1999.0,
Antigua and Barbuda,2000.0,
Antigua and Barbuda,2001.0,
Antigua and Barbuda,2002.0,
Antigua and Barbuda,2003.0,
Antigua and Barbuda,2004.0,
Antigua and Barbuda,2005.0,
Antigua and Barbuda,2006.0,
Antigua and Barbuda,2007.0,
Antigua and Barbuda,2008.0,
Antigua and Barbuda,2009.0,
Antigua and Barbuda,2010.0,
Antigua and Barbuda,2011.0,
Antigua and Barbuda,2012.0,
Antigua and Barbuda,2013.0,
Antigua and Barbuda,2014.0,
Antigua and Barbuda,2015.0,
Argentina,1997.0,18.989
Argentina,1998.0,19.123
Argentina,1999.0,16.029
Argentina,2000.0,15.797
Argentina,2001.0,14.046
Argentina,2002.0,10.306
Argentina,2003.0,13.284
Argentina,2004.0,17.551
Argentina,2005.0,18.89
Argentina,2006.0,18.68
Argentina,2007.0,20.099
Argentina,2008.0,19.573
Argentina,2009.0,16.053
Argentina,2010.0,17.706
Argentina,2011.0,18.398
Argentina,2012.0,16.502
Argentina,2013.0,17.306
Argentina,2014.0,17.263
Argentina,2015.0,16.818
Armenia,1997.0,23.266
Armenia,1998.0,22.686
Armenia,1999.0,20.769
Armenia,2000.0,18.232
Armenia,2001.0,15.844
Armenia,2002.0,18.159
Armenia,2003.0,24.392
Armenia,2004.0,22.919
Armenia,2005.0,28.371
Armenia,2006.0,33.55
Armenia,2007.0,38.161
Armenia,2008.0,43.809
Armenia,2009.0,33.822
Armenia,2010.0,29.419
Armenia,2011.0,27.001
Armenia,2012.0,22.759
Armenia,2013.0,20.732
Armenia,2014.0,20.848
Armenia,2015.0,20.956
Australia,1997.0,24.422
Australia,1998.0,26.17
Australia,1999.0,26.352
Australia,2000.0,24.97
Australia,2001.0,23.521
Australia,2002.0,25.243
Australia,2003.0,26.754
Australia,2004.0,27.177
Australia,2005.0,27.911
Australia,2006.0,27.3
Australia,2007.0,28.685
Australia,2008.0,28.883
Australia,2009.0,27.667
Australia,2010.0,27.086
Australia,2011.0,27.491
Australia,2012.0,29.07
Australia,2013.0,27.582
Australia,2014.0,26.849
Australia,2015.0,26.058
Austria,1997.0,26.323
Austria,1998.0,26.225
Austria,1999.0,26.202
Austria,2000.0,26.009
Austria,2001.0,25.206
Austria,2002.0,23.667
Austria,2003.0,24.472
Austria,2004.0,24.111
Austria,2005.0,23.886
Austria,2006.0,23.67
Austria,2007.0,24.62
Austria,2008.0,24.535
Austria,2009.0,22.845
Austria,2010.0,22.654
Austria,2011.0,24.175
Austria,2012.0,24.006
Austria,2013.0,23.261
Austria,2014.0,22.758
Austria,2015.0,22.407
Azerbaijan,1997.0,34.235
Azerbaijan,1998.0,34.665
Azerbaijan,1999.0,26.496
Azerbaijan,2000.0,20.674
Azerbaijan,2001.0,20.675
Azerbaijan,2002.0,34.576
Azerbaijan,2003.0,53.17
Azerbaijan,2004.0,57.991
Azerbaijan,2005.0,41.525
Azerbaijan,2006.0,29.859
Azerbaijan,2007.0,21.525
Azerbaijan,2008.0,19.825
Azerbaijan,2009.0,18.376
Azerbaijan,2010.0,18.532
Azerbaijan,2011.0,21.189
Azerbaijan,2012.0,24.9
Azerbaijan,2013.0,25.694
Azerbaijan,2014.0,23.076
Azerbaijan,2015.0,26.462
The Bahamas,1997.0,27.468
The Bahamas,1998.0,29.581
The Bahamas,1999.0,26.383
The Bahamas,2000.0,27.9
The Bahamas,2001.0,24.887
The Bahamas,2002.0,21.923
The Bahamas,2003.0,22.133
The Bahamas,2004.0,21.189
The Bahamas,2005.0,25.279
The Bahamas,2006.0,30.333
The Bahamas,2007.0,28.175
The Bahamas,2008.0,26.691
The Bahamas,2009.0,25.572
The Bahamas,2010.0,25.214
The Bahamas,2011.0,27.526
The Bahamas,2012.0,28.777
The Bahamas,2013.0,27.677
The Bahamas,2014.0,31.221
The Bahamas,2015.0,27.222
Bahrain,1997.0,23.968
Bahrain,1998.0,23.927
Bahrain,1999.0,15.314
Bahrain,2000.0,16.576
Bahrain,2001.0,15.347
Bahrain,2002.0,23.348
Bahrain,2003.0,23.736
Bahrain,2004.0,20.52
Bahrain,2005.0,26.736
Bahrain,2006.0,30.387
Bahrain,2007.0,34.713
Bahrain,2008.0,34.948
Bahrain,2009.0,26.145
Bahrain,2010.0,27.286
Bahrain,2011.0,16.49
Bahrain,2012.0,20.124
Bahrain,2013.0,17.106
Bahrain,2014.0,16.532
Bahrain,2015.0,18.577
Bangladesh,1997.0,22.218
Bangladesh,1998.0,23.04
Bangladesh,1999.0,23.718
Bangladesh,2000.0,24.151
Bangladesh,2001.0,24.314
Bangladesh,2002.0,24.585
Bangladesh,2003.0,25.093
Bangladesh,2004.0,25.709
Bangladesh,2005.0,26.063
Bangladesh,2006.0,26.162
Bangladesh,2007.0,26.191
Bangladesh,2008.0,26.204
Bangladesh,2009.0,26.228
Bangladesh,2010.0,26.874
Bangladesh,2011.0,27.871
Bangladesh,2012.0,28.33
Bangladesh,2013.0,28.489
Bangladesh,2014.0,28.742
Bangladesh,2015.0,29.149
Barbados,1997.0,15.107
Barbados,1998.0,18.539
Barbados,1999.0,19.123
Barbados,2000.0,17.747
Barbados,2001.0,15.315
Barbados,2002.0,17.056
Barbados,2003.0,17.9
Barbados,2004.0,18.854
Barbados,2005.0,18.54
Barbados,2006.0,18.778
Barbados,2007.0,18.339
Barbados,2008.0,18.205
Barbados,2009.0,15.016
Barbados,2010.0,13.564
Barbados,2011.0,14.864
Barbados,2012.0,13.232
Barbados,2013.0,13.032
Barbados,2014.0,13.014
Barbados,2015.0,13.988
Belarus,1997.0,25.134
Belarus,1998.0,25.935
Belarus,1999.0,26.328
Belarus,2000.0,27.088
Belarus,2001.0,25.279
Belarus,2002.0,22.944
Belarus,2003.0,25.342
Belarus,2004.0,32.034
Belarus,2005.0,26.516
Belarus,2006.0,33.49
Belarus,2007.0,35.934
Belarus,2008.0,39.242
Belarus,2009.0,38.969
Belarus,2010.0,42.345
Belarus,2011.0,39.484
Belarus,2012.0,34.537
Belarus,2013.0,39.584
Belarus,2014.0,35.312
Belarus,2015.0,34.007
Belgium,1997.0,22.295
Belgium,1998.0,22.416
Belgium,1999.0,22.713
Belgium,2000.0,23.782
Belgium,2001.0,22.592
Belgium,2002.0,20.665
Belgium,2003.0,20.861
Belgium,2004.0,22.495
Belgium,2005.0,23.609
Belgium,2006.0,23.884
Belgium,2007.0,24.447
Belgium,2008.0,25.731
Belgium,2009.0,21.664
Belgium,2010.0,22.692
Belgium,2011.0,23.99
Belgium,2012.0,23.203
Belgium,2013.0,22.127
Belgium,2014.0,23.047
Belgium,2015.0,22.643
Belize,1997.0,14.295
Belize,1998.0,15.239
Belize,1999.0,18.902
Belize,2000.0,32.498
Belize,2001.0,27.487
Belize,2002.0,22.266
Belize,2003.0,21.724
Belize,2004.0,18.755
Belize,2005.0,21.488
Belize,2006.0,17.429
Belize,2007.0,17.64
Belize,2008.0,25.623
Belize,2009.0,17.097
Belize,2010.0,12.792
Belize,2011.0,13.651
Belize,2012.0,13.698
Belize,2013.0,15.192
Belize,2014.0,18.919
Belize,2015.0,23.522
Benin,1997.0,19.889
Benin,1998.0,18.946
Benin,1999.0,26.907
Benin,2000.0,23.568
Benin,2001.0,26.066
Benin,2002.0,21.793
Benin,2003.0,22.174
Benin,2004.0,22.134
Benin,2005.0,17.811
Benin,2006.0,18.965
Benin,2007.0,24.085
Benin,2008.0,20.376
Benin,2009.0,21.903
Benin,2010.0,23.132
Benin,2011.0,24.135
Benin,2012.0,22.654
Benin,2013.0,28.499
Benin,2014.0,24.968
Benin,2015.0,27.216
Bhutan,1997.0,33.28
Bhutan,1998.0,37.155
Bhutan,1999.0,43.439
Bhutan,2000.0,51.63
Bhutan,2001.0,55.21
Bhutan,2002.0,64.341
Bhutan,2003.0,61.002
Bhutan,2004.0,66.014
Bhutan,2005.0,55.317
Bhutan,2006.0,49.297
Bhutan,2007.0,32.195
Bhutan,2008.0,45.095
Bhutan,2009.0,48.291
Bhutan,2010.0,66.906
Bhutan,2011.0,73.002
Bhutan,2012.0,72.566
Bhutan,2013.0,48.646
Bhutan,2014.0,61.384
Bhutan,2015.0,60.403
Bolivia,1997.0,19.632
Bolivia,1998.0,23.607
Bolivia,1999.0,18.772
Bolivia,2000.0,18.143
Bolivia,2001.0,14.268
Bolivia,2002.0,16.295
Bolivia,2003.0,13.232
Bolivia,2004.0,11.022
Bolivia,2005.0,14.254
Bolivia,2006.0,13.865
Bolivia,2007.0,15.187
Bolivia,2008.0,17.553
Bolivia,2009.0,16.971
Bolivia,2010.0,17.007
Bolivia,2011.0,19.816
Bolivia,2012.0,17.673
Bolivia,2013.0,19.018
Bolivia,2014.0,21.034
Bolivia,2015.0,19.237
Bosnia and Herzegovina,1997.0,
Bosnia and Herzegovina,1998.0,33.729
Bosnia and Herzegovina,1999.0,27.297
Bosnia and Herzegovina,2000.0,27.461
Bosnia and Herzegovina,2001.0,25.963
Bosnia and Herzegovina,2002.0,28.082
Bosnia and Herzegovina,2003.0,28.421
Bosnia and Herzegovina,2004.0,26.618
Bosnia and Herzegovina,2005.0,26.329
Bosnia and Herzegovina,2006.0,20.516
Bosnia and Herzegovina,2007.0,24.519
Bosnia and Herzegovina,2008.0,26.058
Bosnia and Herzegovina,2009.0,18.583
Bosnia and Herzegovina,2010.0,15.553
Bosnia and Herzegovina,2011.0,18.145
Bosnia and Herzegovina,2012.0,18.143
Bosnia and Herzegovina,2013.0,16.98
Bosnia and Herzegovina,2014.0,17.801
Bosnia and Herzegovina,2015.0,16.162
Botswana,1997.0,24.052
Botswana,1998.0,37.937
Botswana,1999.0,25.626
Botswana,2000.0,29.551
Botswana,2001.0,29.888
Botswana,2002.0,30.193
Botswana,2003.0,30.144
Botswana,2004.0,31.48
Botswana,2005.0,27.15
Botswana,2006.0,25.905
Botswana,2007.0,30.793
Botswana,2008.0,34.916
Botswana,2009.0,37.296
Botswana,2010.0,35.353
Botswana,2011.0,38.725
Botswana,2012.0,38.137
Botswana,2013.0,32.877
Botswana,2014.0,30.625
Botswana,2015.0,31.139
Brazil,1997.0,17.764
Brazil,1998.0,18.165
Brazil,1999.0,17.39
Brazil,2000.0,18.903
Brazil,2001.0,18.742
Brazil,2002.0,17.449
Brazil,2003.0,16.857
Brazil,2004.0,17.913
Brazil,2005.0,17.205
Brazil,2006.0,17.817
Brazil,2007.0,19.819
Brazil,2008.0,21.619
Brazil,2009.0,18.796
Brazil,2010.0,21.801
Brazil,2011.0,21.814
Brazil,2012.0,21.412
Brazil,2013.0,21.965
Brazil,2014.0,21.018
Brazil,2015.0,19.199
Brunei Darussalam,1997.0,91.249
Brunei Darussalam,1998.0,86.925
Brunei Darussalam,1999.0,54.966
Brunei Darussalam,2000.0,33.399
Brunei Darussalam,2001.0,37.437
Brunei Darussalam,2002.0,54.543
Brunei Darussalam,2003.0,38.581
Brunei Darussalam,2004.0,34.576
Brunei Darussalam,2005.0,30.007
Brunei Darussalam,2006.0,25.427
Brunei Darussalam,2007.0,34.929
Brunei Darussalam,2008.0,36.71
Brunei Darussalam,2009.0,50.503
Brunei Darussalam,2010.0,41.711
Brunei Darussalam,2011.0,34.319
Brunei Darussalam,2012.0,35.398
Brunei Darussalam,2013.0,39.594
Brunei Darussalam,2014.0,27.403
Brunei Darussalam,2015.0,35.249
Bulgaria,1997.0,12.27
Bulgaria,1998.0,18.663
Bulgaria,1999.0,19.331
Bulgaria,2000.0,19.198
Bulgaria,2001.0,21.395
Bulgaria,2002.0,20.559
Bulgaria,2003.0,22.149
Bulgaria,2004.0,23.481
Bulgaria,2005.0,27.763
Bulgaria,2006.0,32.149
Bulgaria,2007.0,33.362
Bulgaria,2008.0,36.802
Bulgaria,2009.0,28.624
Bulgaria,2010.0,22.868
Bulgaria,2011.0,21.647
Bulgaria,2012.0,22.076
Bulgaria,2013.0,21.391
Bulgaria,2014.0,21.441
Bulgaria,2015.0,21.342
Burkina Faso,1997.0,25.186
Burkina Faso,1998.0,25.181
Burkina Faso,1999.0,23.954
Burkina Faso,2000.0,16.613
Burkina Faso,2001.0,13.677
Burkina Faso,2002.0,16.427
Burkina Faso,2003.0,17.719
Burkina Faso,2004.0,16.205
Burkina Faso,2005.0,20.316
Burkina Faso,2006.0,17.112
Burkina Faso,2007.0,18.809
Burkina Faso,2008.0,20.049
Burkina Faso,2009.0,17.918
Burkina Faso,2010.0,18.02
Burkina Faso,2011.0,15.412
Burkina Faso,2012.0,14.875
Burkina Faso,2013.0,20.839
Burkina Faso,2014.0,19.783
Burkina Faso,2015.0,14.161
Burundi,1997.0,18.595
Burundi,1998.0,20.0
Burundi,1999.0,20.0
Burundi,2000.0,15.058
Burundi,2001.0,15.879
Burundi,2002.0,16.225
Burundi,2003.0,16.703
Burundi,2004.0,17.32
Burundi,2005.0,16.208
Burundi,2006.0,15.308
Burundi,2007.0,13.195
Burundi,2008.0,11.219
Burundi,2009.0,14.165
Burundi,2010.0,15.086
Burundi,2011.0,14.723
Burundi,2012.0,14.291
Burundi,2013.0,14.905
Burundi,2014.0,15.481
Burundi,2015.0,10.645
Cabo Verde,1997.0,35.383
Cabo Verde,1998.0,28.715
Cabo Verde,1999.0,31.441
Cabo Verde,2000.0,27.862
Cabo Verde,2001.0,28.986
Cabo Verde,2002.0,32.743
Cabo Verde,2003.0,28.329
Cabo Verde,2004.0,35.674
Cabo Verde,2005.0,32.118
Cabo Verde,2006.0,34.078
Cabo Verde,2007.0,41.308
Cabo Verde,2008.0,40.353
Cabo Verde,2009.0,36.534
Cabo Verde,2010.0,37.684
Cabo Verde,2011.0,37.228
Cabo Verde,2012.0,40.377
Cabo Verde,2013.0,39.213
Cabo Verde,2014.0,36.957
Cabo Verde,2015.0,40.713
Cambodia,1997.0,15.02
Cambodia,1998.0,11.834
Cambodia,1999.0,16.984
Cambodia,2000.0,17.529
Cambodia,2001.0,18.735
Cambodia,2002.0,20.021
Cambodia,2003.0,22.069
Cambodia,2004.0,17.826
Cambodia,2005.0,20.235
Cambodia,2006.0,22.517
Cambodia,2007.0,21.197
Cambodia,2008.0,18.617
Cambodia,2009.0,21.36
Cambodia,2010.0,17.368
Cambodia,2011.0,22.0
Cambodia,2012.0,23.5
Cambodia,2013.0,23.5
Cambodia,2014.0,23.2
Cambodia,2015.0,22.4
Cameroon,1997.0,15.13
Cameroon,1998.0,15.045
Cameroon,1999.0,15.427
Cameroon,2000.0,17.625
Cameroon,2001.0,19.906
Cameroon,2002.0,20.169
Cameroon,2003.0,17.277
Cameroon,2004.0,20.391
Cameroon,2005.0,16.769
Cameroon,2006.0,14.298
Cameroon,2007.0,15.039
Cameroon,2008.0,16.061
Cameroon,2009.0,21.036
Cameroon,2010.0,20.281
Cameroon,2011.0,20.467
Cameroon,2012.0,20.708
Cameroon,2013.0,21.574
Cameroon,2014.0,22.899
Cameroon,2015.0,21.926
Canada,1997.0,21.286
Canada,1998.0,21.116
Canada,1999.0,20.754
Canada,2000.0,20.679
Canada,2001.0,19.736
Canada,2002.0,19.807
Canada,2003.0,20.536
Canada,2004.0,21.455
Canada,2005.0,22.704
Canada,2006.0,23.664
Canada,2007.0,23.97
Canada,2008.0,24.119
Canada,2009.0,22.017
Canada,2010.0,23.508
Canada,2011.0,24.187
Canada,2012.0,24.873
Canada,2013.0,24.619
Canada,2014.0,24.251
Canada,2015.0,23.604
Central African Republic,1997.0,7.318
Central African Republic,1998.0,11.125
Central African Republic,1999.0,11.733
Central African Republic,2000.0,10.349
Central African Republic,2001.0,9.017
Central African Republic,2002.0,9.778
Central African Republic,2003.0,6.59
Central African Republic,2004.0,6.884
Central African Republic,2005.0,9.865
Central African Republic,2006.0,10.234
Central African Republic,2007.0,10.687
Central African Republic,2008.0,12.728
Central African Republic,2009.0,13.165
Central African Republic,2010.0,14.266
Central African Republic,2011.0,12.182
Central African Republic,2012.0,14.973
Central African Republic,2013.0,8.691
Central African Republic,2014.0,10.2
Central African Republic,2015.0,13.923
Chad,1997.0,17.182
Chad,1998.0,16.275
Chad,1999.0,17.756
Chad,2000.0,22.154
Chad,2001.0,38.498
Chad,2002.0,64.852
Chad,2003.0,55.587
Chad,2004.0,25.913
Chad,2005.0,20.704
Chad,2006.0,22.193
Chad,2007.0,22.315
Chad,2008.0,21.879
Chad,2009.0,30.231
Chad,2010.0,34.479
Chad,2011.0,28.472
Chad,2012.0,31.495
Chad,2013.0,27.468
Chad,2014.0,30.506
Chad,2015.0,27.024
Chile,1997.0,27.543
Chile,1998.0,26.902
Chile,1999.0,20.85
Chile,2000.0,21.941
Chile,2001.0,22.208
Chile,2002.0,22.033
Chile,2003.0,21.886
Chile,2004.0,20.28
Chile,2005.0,21.973
Chile,2006.0,20.678
Chile,2007.0,20.558
Chile,2008.0,25.936
Chile,2009.0,20.367
Chile,2010.0,22.336
Chile,2011.0,23.751
Chile,2012.0,25.459
Chile,2013.0,24.496
Chile,2014.0,22.182
Chile,2015.0,22.466
China,1997.0,36.197
China,1998.0,35.557
China,1999.0,34.865
China,2000.0,34.328
China,2001.0,36.295
China,2002.0,36.903
China,2003.0,40.369
China,2004.0,42.657
China,2005.0,40.982
China,2006.0,40.606
China,2007.0,41.239
China,2008.0,43.21
China,2009.0,46.335
China,2010.0,47.881
China,2011.0,48.006
China,2012.0,47.18
China,2013.0,47.251
China,2014.0,46.68
China,2015.0,44.962
Colombia,1997.0,22.453
Colombia,1998.0,21.153
Colombia,1999.0,13.938
Colombia,2000.0,14.896
Colombia,2001.0,16.032
Colombia,2002.0,17.252
Colombia,2003.0,18.682
Colombia,2004.0,19.441
Colombia,2005.0,20.221
Colombia,2006.0,22.403
Colombia,2007.0,23.027
Colombia,2008.0,23.487
Colombia,2009.0,22.44
Colombia,2010.0,22.126
Colombia,2011.0,23.876
Colombia,2012.0,23.853
Colombia,2013.0,24.308
Colombia,2014.0,26.257
Colombia,2015.0,27.736
Comoros,1997.0,10.894
Comoros,1998.0,11.526
Comoros,1999.0,8.888
Comoros,2000.0,10.093
Comoros,2001.0,10.053
Comoros,2002.0,11.011
Comoros,2003.0,10.305
Comoros,2004.0,9.358
Comoros,2005.0,9.309
Comoros,2006.0,9.627
Comoros,2007.0,11.171
Comoros,2008.0,14.282
Comoros,2009.0,12.401
Comoros,2010.0,15.403
Comoros,2011.0,14.899
Comoros,2012.0,16.82
Comoros,2013.0,20.358
Comoros,2014.0,18.614
Comoros,2015.0,18.411
Democratic Republic of the Congo,1997.0,51.531
Democratic Republic of the Congo,1998.0,52.432
Democratic Republic of the Congo,1999.0,13.981
Democratic Republic of the Congo,2000.0,14.418
Democratic Republic of the Congo,2001.0,6.663
Democratic Republic of the Congo,2002.0,7.429
Democratic Republic of the Congo,2003.0,9.425
Democratic Republic of the Congo,2004.0,12.142
Democratic Republic of the Congo,2005.0,11.676
Democratic Republic of the Congo,2006.0,14.743
Democratic Republic of the Congo,2007.0,13.923
Democratic Republic of the Congo,2008.0,11.072
Democratic Republic of the Congo,2009.0,14.799
Democratic Republic of the Congo,2010.0,12.35
Democratic Republic of the Congo,2011.0,12.229
Democratic Republic of the Congo,2012.0,15.154
Democratic Republic of the Congo,2013.0,21.738
Democratic Republic of the Congo,2014.0,23.11
Democratic Republic of the Congo,2015.0,19.125
Republic of Congo,1997.0,22.233
Republic of Congo,1998.0,26.684
Republic of Congo,1999.0,27.772
Republic of Congo,2000.0,22.626
Republic of Congo,2001.0,26.357
Republic of Congo,2002.0,23.408
Republic of Congo,2003.0,26.09
Republic of Congo,2004.0,22.52
Republic of Congo,2005.0,20.19
Republic of Congo,2006.0,21.632
Republic of Congo,2007.0,21.813
Republic of Congo,2008.0,18.303
Republic of Congo,2009.0,22.513
Republic of Congo,2010.0,20.474
Republic of Congo,2011.0,25.28
Republic of Congo,2012.0,25.218
Republic of Congo,2013.0,30.949
Republic of Congo,2014.0,42.178
Republic of Congo,2015.0,33.436
Costa Rica,1997.0,18.22
Costa Rica,1998.0,20.612
Costa Rica,1999.0,17.167
Costa Rica,2000.0,17.046
Costa Rica,2001.0,20.446
Costa Rica,2002.0,22.764
Costa Rica,2003.0,20.788
Costa Rica,2004.0,23.27
Costa Rica,2005.0,24.488
Costa Rica,2006.0,26.567
Costa Rica,2007.0,24.829
Costa Rica,2008.0,27.757
Costa Rica,2009.0,16.457
Costa Rica,2010.0,20.799
Costa Rica,2011.0,22.036
Costa Rica,2012.0,20.48
Costa Rica,2013.0,18.837
Costa Rica,2014.0,19.576
Costa Rica,2015.0,19.1
C?te d'Ivoire,1997.0,19.257
C?te d'Ivoire,1998.0,20.618
C?te d'Ivoire,1999.0,14.846
C?te d'Ivoire,2000.0,12.688
C?te d'Ivoire,2001.0,11.865
C?te d'Ivoire,2002.0,8.675
C?te d'Ivoire,2003.0,12.869
C?te d'Ivoire,2004.0,11.55
C?te d'Ivoire,2005.0,13.939
C?te d'Ivoire,2006.0,10.591
C?te d'Ivoire,2007.0,12.67
C?te d'Ivoire,2008.0,15.015
C?te d'Ivoire,2009.0,11.613
C?te d'Ivoire,2010.0,14.901
C?te d'Ivoire,2011.0,9.737
C?te d'Ivoire,2012.0,17.162
C?te d'Ivoire,2013.0,18.065
C?te d'Ivoire,2014.0,17.789
C?te d'Ivoire,2015.0,18.564
Croatia,1997.0,25.63
Croatia,1998.0,21.607
Croatia,1999.0,21.262
Croatia,2000.0,20.151
Croatia,2001.0,22.113
Croatia,2002.0,25.854
Croatia,2003.0,27.985
Croatia,2004.0,27.534
Croatia,2005.0,27.938
Croatia,2006.0,29.808
Croatia,2007.0,29.703
Croatia,2008.0,31.434
Croatia,2009.0,25.039
Croatia,2010.0,21.35
Croatia,2011.0,20.628
Croatia,2012.0,19.269
Croatia,2013.0,19.105
Croatia,2014.0,18.193
Croatia,2015.0,18.279
Cyprus,1997.0,25.201
Cyprus,1998.0,20.29
Cyprus,1999.0,21.036
Cyprus,2000.0,21.219
Cyprus,2001.0,19.427
Cyprus,2002.0,22.282
Cyprus,2003.0,20.56
Cyprus,2004.0,22.233
Cyprus,2005.0,22.708
Cyprus,2006.0,24.707
Cyprus,2007.0,24.489
Cyprus,2008.0,29.222
Cyprus,2009.0,22.911
Cyprus,2010.0,23.804
Cyprus,2011.0,18.943
Cyprus,2012.0,15.985
Cyprus,2013.0,13.134
Cyprus,2014.0,13.15
Cyprus,2015.0,15.38
Czech Republic,1997.0,32.371
Czech Republic,1998.0,30.352
Czech Republic,1999.0,29.232
Czech Republic,2000.0,31.501
Czech Republic,2001.0,31.619
Czech Republic,2002.0,30.213
Czech Republic,2003.0,29.167
Czech Republic,2004.0,29.388
Czech Republic,2005.0,29.169
Czech Republic,2006.0,30.102
Czech Republic,2007.0,32.129
Czech Republic,2008.0,31.116
Czech Republic,2009.0,26.515
Czech Republic,2010.0,27.174
Czech Republic,2011.0,26.958
Czech Republic,2012.0,26.186
Czech Republic,2013.0,24.667
Czech Republic,2014.0,25.88
Czech Republic,2015.0,27.357
Denmark,1997.0,22.062
Denmark,1998.0,22.655
Denmark,1999.0,20.888
Denmark,2000.0,22.352
Denmark,2001.0,21.825
Denmark,2002.0,21.689
Denmark,2003.0,20.922
Denmark,2004.0,21.837
Denmark,2005.0,22.167
Denmark,2006.0,24.494
Denmark,2007.0,25.366
Denmark,2008.0,24.082
Denmark,2009.0,18.892
Denmark,2010.0,18.417
Denmark,2011.0,19.459
Denmark,2012.0,19.66
Denmark,2013.0,19.439
Denmark,2014.0,19.9
Denmark,2015.0,19.579
Djibouti,1997.0,9.572
Djibouti,1998.0,12.19
Djibouti,1999.0,8.545
Djibouti,2000.0,9.791
Djibouti,2001.0,9.611
Djibouti,2002.0,13.305
Djibouti,2003.0,19.442
Djibouti,2004.0,22.358
Djibouti,2005.0,26.112
Djibouti,2006.0,36.924
Djibouti,2007.0,45.228
Djibouti,2008.0,47.767
Djibouti,2009.0,40.094
Djibouti,2010.0,21.208
Djibouti,2011.0,25.168
Djibouti,2012.0,28.123
Djibouti,2013.0,40.544
Djibouti,2014.0,44.122
Djibouti,2015.0,59.581
Dominica,1997.0,21.79
Dominica,1998.0,19.186
Dominica,1999.0,19.56
Dominica,2000.0,19.963
Dominica,2001.0,15.941
Dominica,2002.0,12.66
Dominica,2003.0,15.9
Dominica,2004.0,17.593
Dominica,2005.0,20.092
Dominica,2006.0,19.178
Dominica,2007.0,19.441
Dominica,2008.0,21.098
Dominica,2009.0,19.381
Dominica,2010.0,18.38
Dominica,2011.0,16.586
Dominica,2012.0,15.212
Dominica,2013.0,13.647
Dominica,2014.0,14.781
Dominica,2015.0,16.714
Dominican Republic,1997.0,28.008
Dominican Republic,1998.0,32.492
Dominican Republic,1999.0,31.234
Dominican Republic,2000.0,31.974
Dominican Republic,2001.0,29.766
Dominican Republic,2002.0,29.737
Dominican Republic,2003.0,24.366
Dominican Republic,2004.0,24.879
Dominican Republic,2005.0,26.315
Dominican Republic,2006.0,28.003
Dominican Republic,2007.0,28.413
Dominican Republic,2008.0,30.098
Dominican Republic,2009.0,23.949
Dominican Republic,2010.0,26.657
Dominican Republic,2011.0,25.064
Dominican Republic,2012.0,23.054
Dominican Republic,2013.0,21.823
Dominican Republic,2014.0,21.535
Dominican Republic,2015.0,21.558
Ecuador,1997.0,18.014
Ecuador,1998.0,21.925
Ecuador,1999.0,15.952
Ecuador,2000.0,21.279
Ecuador,2001.0,22.349
Ecuador,2002.0,23.702
Ecuador,2003.0,19.59
Ecuador,2004.0,20.199
Ecuador,2005.0,21.637
Ecuador,2006.0,22.46
Ecuador,2007.0,22.705
Ecuador,2008.0,26.388
Ecuador,2009.0,25.639
Ecuador,2010.0,28.037
Ecuador,2011.0,28.142
Ecuador,2012.0,27.796
Ecuador,2013.0,28.762
Ecuador,2014.0,28.639
Ecuador,2015.0,27.402
Egypt,1997.0,18.845
Egypt,1998.0,20.285
Egypt,1999.0,19.788
Egypt,2000.0,18.596
Egypt,2001.0,17.366
Egypt,2002.0,19.908
Egypt,2003.0,19.32
Egypt,2004.0,19.194
Egypt,2005.0,21.205
Egypt,2006.0,23.104
Egypt,2007.0,27.51
Egypt,2008.0,28.487
Egypt,2009.0,21.895
Egypt,2010.0,21.298
Egypt,2011.0,17.084
Egypt,2012.0,16.202
Egypt,2013.0,14.34
Egypt,2014.0,13.826
Egypt,2015.0,14.372
El Salvador,1997.0,15.115
El Salvador,1998.0,17.554
El Salvador,1999.0,16.426
El Salvador,2000.0,16.926
El Salvador,2001.0,16.671
El Salvador,2002.0,16.387
El Salvador,2003.0,16.981
El Salvador,2004.0,16.202
El Salvador,2005.0,16.082
El Salvador,2006.0,16.829
El Salvador,2007.0,16.311
El Salvador,2008.0,15.201
El Salvador,2009.0,13.434
El Salvador,2010.0,13.318
El Salvador,2011.0,14.362
El Salvador,2012.0,14.142
El Salvador,2013.0,14.96
El Salvador,2014.0,13.628
El Salvador,2015.0,13.983
Equatorial Guinea,1997.0,60.075
Equatorial Guinea,1998.0,88.716
Equatorial Guinea,1999.0,62.384
Equatorial Guinea,2000.0,54.077
Equatorial Guinea,2001.0,47.428
Equatorial Guinea,2002.0,29.443
Equatorial Guinea,2003.0,36.377
Equatorial Guinea,2004.0,24.744
Equatorial Guinea,2005.0,23.729
Equatorial Guinea,2006.0,46.68
Equatorial Guinea,2007.0,44.183
Equatorial Guinea,2008.0,39.087
Equatorial Guinea,2009.0,64.281
Equatorial Guinea,2010.0,58.603
Equatorial Guinea,2011.0,46.402
Equatorial Guinea,2012.0,42.728
Equatorial Guinea,2013.0,47.848
Equatorial Guinea,2014.0,51.915
Equatorial Guinea,2015.0,53.111
Eritrea,1997.0,30.475
Eritrea,1998.0,30.379
Eritrea,1999.0,40.098
Eritrea,2000.0,21.997
Eritrea,2001.0,35.261
Eritrea,2002.0,29.549
Eritrea,2003.0,26.544
Eritrea,2004.0,20.263
Eritrea,2005.0,20.339
Eritrea,2006.0,13.681
Eritrea,2007.0,12.674
Eritrea,2008.0,12.714
Eritrea,2009.0,9.264
Eritrea,2010.0,9.299
Eritrea,2011.0,9.996
Eritrea,2012.0,9.542
Eritrea,2013.0,8.722
Eritrea,2014.0,7.894
Eritrea,2015.0,7.614
Estonia,1997.0,34.506
Estonia,1998.0,33.866
Estonia,1999.0,27.458
Estonia,2000.0,28.844
Estonia,2001.0,30.099
Estonia,2002.0,33.124
Estonia,2003.0,35.277
Estonia,2004.0,34.539
Estonia,2005.0,33.185
Estonia,2006.0,39.347
Estonia,2007.0,39.292
Estonia,2008.0,30.718
Estonia,2009.0,20.711
Estonia,2010.0,21.265
Estonia,2011.0,25.106
Estonia,2012.0,28.07
Estonia,2013.0,27.6
Estonia,2014.0,27.965
Estonia,2015.0,24.576
Ethiopia,1997.0,13.393
Ethiopia,1998.0,15.194
Ethiopia,1999.0,15.203
Ethiopia,2000.0,20.217
Ethiopia,2001.0,21.528
Ethiopia,2002.0,22.838
Ethiopia,2003.0,21.006
Ethiopia,2004.0,25.05
Ethiopia,2005.0,22.384
Ethiopia,2006.0,23.914
Ethiopia,2007.0,20.781
Ethiopia,2008.0,21.244
Ethiopia,2009.0,24.677
Ethiopia,2010.0,25.524
Ethiopia,2011.0,32.108
Ethiopia,2012.0,37.098
Ethiopia,2013.0,34.081
Ethiopia,2014.0,37.994
Ethiopia,2015.0,39.29
Fiji,1997.0,12.97
Fiji,1998.0,17.079
Fiji,1999.0,15.35
Fiji,2000.0,19.15
Fiji,2001.0,16.974
Fiji,2002.0,16.331
Fiji,2003.0,16.886
Fiji,2004.0,12.827
Fiji,2005.0,17.922
Fiji,2006.0,17.336
Fiji,2007.0,15.818
Fiji,2008.0,15.606
Fiji,2009.0,14.578
Fiji,2010.0,15.6
Fiji,2011.0,17.095
Fiji,2012.0,17.092
Fiji,2013.0,23.354
Fiji,2014.0,17.594
Fiji,2015.0,18.594
Finland,1997.0,21.713
Finland,1998.0,22.977
Finland,1999.0,22.351
Finland,2000.0,23.845
Finland,2001.0,23.16
Finland,2002.0,22.035
Finland,2003.0,22.207
Finland,2004.0,22.867
Finland,2005.0,24.6
Finland,2006.0,23.984
Finland,2007.0,25.465
Finland,2008.0,25.067
Finland,2009.0,21.191
Finland,2010.0,21.6
Finland,2011.0,23.474
Finland,2012.0,22.492
Finland,2013.0,21.384
Finland,2014.0,20.934
Finland,2015.0,21.109
France,1997.0,19.348
France,1998.0,20.576
France,1999.0,21.255
France,2000.0,22.386
France,2001.0,22.073
France,2002.0,21.23
France,2003.0,21.099
France,2004.0,21.803
France,2005.0,22.376
France,2006.0,23.174
France,2007.0,24.111
France,2008.0,24.088
France,2009.0,21.305
France,2010.0,21.911
France,2011.0,23.211
France,2012.0,22.647
France,2013.0,22.308
France,2014.0,22.511
France,2015.0,22.363
Gabon,1997.0,30.67
Gabon,1998.0,38.078
Gabon,1999.0,23.346
Gabon,2000.0,19.806
Gabon,2001.0,35.285
Gabon,2002.0,29.197
Gabon,2003.0,26.105
Gabon,2004.0,23.205
Gabon,2005.0,21.148
Gabon,2006.0,23.11
Gabon,2007.0,25.738
Gabon,2008.0,22.671
Gabon,2009.0,29.091
Gabon,2010.0,26.105
Gabon,2011.0,29.022
Gabon,2012.0,28.246
Gabon,2013.0,29.509
Gabon,2014.0,34.922
Gabon,2015.0,36.171
The Gambia,1997.0,6.921
The Gambia,1998.0,5.802
The Gambia,1999.0,5.304
The Gambia,2000.0,4.562
The Gambia,2001.0,11.173
The Gambia,2002.0,7.278
The Gambia,2003.0,10.039
The Gambia,2004.0,24.217
The Gambia,2005.0,21.984
The Gambia,2006.0,24.277
The Gambia,2007.0,19.09
The Gambia,2008.0,15.858
The Gambia,2009.0,19.614
The Gambia,2010.0,21.319
The Gambia,2011.0,18.939
The Gambia,2012.0,27.795
The Gambia,2013.0,20.021
The Gambia,2014.0,25.195
The Gambia,2015.0,19.762
Georgia,1997.0,17.837
Georgia,1998.0,27.17
Georgia,1999.0,26.453
Georgia,2000.0,26.582
Georgia,2001.0,28.314
Georgia,2002.0,25.476
Georgia,2003.0,32.511
Georgia,2004.0,29.355
Georgia,2005.0,33.539
Georgia,2006.0,30.083
Georgia,2007.0,34.17
Georgia,2008.0,27.053
Georgia,2009.0,13.138
Georgia,2010.0,21.888
Georgia,2011.0,26.318
Georgia,2012.0,29.811
Georgia,2013.0,25.299
Georgia,2014.0,29.807
Georgia,2015.0,32.125
Germany,1997.0,22.783
Germany,1998.0,23.34
Germany,1999.0,23.474
Germany,2000.0,23.924
Germany,2001.0,22.314
Germany,2002.0,19.92
Germany,2003.0,19.687
Germany,2004.0,19.121
Germany,2005.0,18.815
Germany,2006.0,19.772
Germany,2007.0,20.75
Germany,2008.0,20.859
Germany,2009.0,18.068
Germany,2010.0,19.626
Germany,2011.0,21.077
Germany,2012.0,19.307
Germany,2013.0,19.46
Germany,2014.0,19.761
Germany,2015.0,19.243
Ghana,1997.0,14.251
Ghana,1998.0,13.706
Ghana,1999.0,4.306
Ghana,2000.0,19.273
Ghana,2001.0,19.657
Ghana,2002.0,16.252
Ghana,2003.0,18.091
Ghana,2004.0,22.955
Ghana,2005.0,23.75
Ghana,2006.0,21.636
Ghana,2007.0,20.799
Ghana,2008.0,21.821
Ghana,2009.0,21.441
Ghana,2010.0,25.885
Ghana,2011.0,27.436
Ghana,2012.0,32.01
Ghana,2013.0,27.96
Ghana,2014.0,26.561
Ghana,2015.0,24.62
Greece,1997.0,22.441
Greece,1998.0,25.176
Greece,1999.0,24.149
Greece,2000.0,25.826
Greece,2001.0,25.692
Greece,2002.0,24.75
Greece,2003.0,27.375
Greece,2004.0,25.307
Greece,2005.0,22.099
Greece,2006.0,26.152
Greece,2007.0,27.131
Greece,2008.0,24.511
Greece,2009.0,18.338
Greece,2010.0,17.048
Greece,2011.0,15.105
Greece,2012.0,12.803
Greece,2013.0,11.48
Greece,2014.0,12.225
Greece,2015.0,9.832
Grenada,1997.0,30.349
Grenada,1998.0,32.727
Grenada,1999.0,34.906
Grenada,2000.0,37.901
Grenada,2001.0,30.33
Grenada,2002.0,27.658
Grenada,2003.0,34.307
Grenada,2004.0,35.146
Grenada,2005.0,46.29
Grenada,2006.0,35.621
Grenada,2007.0,35.412
Grenada,2008.0,31.055
Grenada,2009.0,23.924
Grenada,2010.0,22.012
Grenada,2011.0,19.911
Grenada,2012.0,16.345
Grenada,2013.0,20.012
Grenada,2014.0,18.271
Grenada,2015.0,17.966
Guatemala,1997.0,16.645
Guatemala,1998.0,19.928
Guatemala,1999.0,20.454
Guatemala,2000.0,19.91
Guatemala,2001.0,19.659
Guatemala,2002.0,20.554
Guatemala,2003.0,20.301
Guatemala,2004.0,20.846
Guatemala,2005.0,19.736
Guatemala,2006.0,20.824
Guatemala,2007.0,20.831
Guatemala,2008.0,16.402
Guatemala,2009.0,13.053
Guatemala,2010.0,13.938
Guatemala,2011.0,15.229
Guatemala,2012.0,14.955
Guatemala,2013.0,14.009
Guatemala,2014.0,13.706
Guatemala,2015.0,13.433
Guinea,1997.0,21.011
Guinea,1998.0,19.208
Guinea,1999.0,19.848
Guinea,2000.0,20.473
Guinea,2001.0,16.477
Guinea,2002.0,14.538
Guinea,2003.0,21.617
Guinea,2004.0,20.727
Guinea,2005.0,19.535
Guinea,2006.0,17.23
Guinea,2007.0,12.956
Guinea,2008.0,16.265
Guinea,2009.0,10.276
Guinea,2010.0,9.42
Guinea,2011.0,13.376
Guinea,2012.0,24.725
Guinea,2013.0,20.348
Guinea,2014.0,9.339
Guinea,2015.0,10.201
Guinea-Bissau,1997.0,11.224
Guinea-Bissau,1998.0,4.066
Guinea-Bissau,1999.0,3.533
Guinea-Bissau,2000.0,6.617
Guinea-Bissau,2001.0,6.407
Guinea-Bissau,2002.0,8.658
Guinea-Bissau,2003.0,10.021
Guinea-Bissau,2004.0,7.287
Guinea-Bissau,2005.0,6.42
Guinea-Bissau,2006.0,6.348
Guinea-Bissau,2007.0,7.898
Guinea-Bissau,2008.0,6.106
Guinea-Bissau,2009.0,6.042
Guinea-Bissau,2010.0,6.589
Guinea-Bissau,2011.0,5.331
Guinea-Bissau,2012.0,7.303
Guinea-Bissau,2013.0,7.013
Guinea-Bissau,2014.0,10.778
Guinea-Bissau,2015.0,12.515
Guyana,1997.0,22.169
Guyana,1998.0,19.336
Guyana,1999.0,16.762
Guyana,2000.0,16.003
Guyana,2001.0,14.631
Guyana,2002.0,12.602
Guyana,2003.0,12.496
Guyana,2004.0,13.726
Guyana,2005.0,22.868
Guyana,2006.0,24.454
Guyana,2007.0,21.764
Guyana,2008.0,20.882
Guyana,2009.0,17.43
Guyana,2010.0,17.484
Guyana,2011.0,19.693
Guyana,2012.0,19.223
Guyana,2013.0,16.736
Guyana,2014.0,16.387
Guyana,2015.0,13.834
Haiti,1997.0,24.529
Haiti,1998.0,26.004
Haiti,1999.0,27.698
Haiti,2000.0,27.337
Haiti,2001.0,25.855
Haiti,2002.0,25.067
Haiti,2003.0,30.694
Haiti,2004.0,27.343
Haiti,2005.0,27.418
Haiti,2006.0,29.351
Haiti,2007.0,30.481
Haiti,2008.0,28.844
Haiti,2009.0,27.493
Haiti,2010.0,25.407
Haiti,2011.0,27.856
Haiti,2012.0,29.545
Haiti,2013.0,30.025
Haiti,2014.0,30.957
Haiti,2015.0,32.268
Honduras,1997.0,32.168
Honduras,1998.0,30.927
Honduras,1999.0,34.674
Honduras,2000.0,28.288
Honduras,2001.0,26.001
Honduras,2002.0,24.258
Honduras,2003.0,25.281
Honduras,2004.0,29.666
Honduras,2005.0,27.623
Honduras,2006.0,28.342
Honduras,2007.0,33.665
Honduras,2008.0,36.066
Honduras,2009.0,20.599
Honduras,2010.0,21.88
Honduras,2011.0,26.0
Honduras,2012.0,24.564
Honduras,2013.0,21.76
Honduras,2014.0,22.06
Honduras,2015.0,25.162
Hong Kong SAR,1997.0,34.2
Hong Kong SAR,1998.0,29.004
Hong Kong SAR,1999.0,24.98
Hong Kong SAR,2000.0,27.582
Hong Kong SAR,2001.0,25.491
Hong Kong SAR,2002.0,23.181
Hong Kong SAR,2003.0,22.38
Hong Kong SAR,2004.0,22.357
Hong Kong SAR,2005.0,21.06
Hong Kong SAR,2006.0,22.285
Hong Kong SAR,2007.0,21.396
Hong Kong SAR,2008.0,21.041
Hong Kong SAR,2009.0,21.847
Hong Kong SAR,2010.0,23.89
Hong Kong SAR,2011.0,24.143
Hong Kong SAR,2012.0,25.22
Hong Kong SAR,2013.0,24.034
Hong Kong SAR,2014.0,23.844
Hong Kong SAR,2015.0,21.702
Hungary,1997.0,26.361
Hungary,1998.0,28.904
Hungary,1999.0,27.467
Hungary,2000.0,28.342
Hungary,2001.0,26.427
Hungary,2002.0,25.821
Hungary,2003.0,24.789
Hungary,2004.0,27.082
Hungary,2005.0,25.472
Hungary,2006.0,25.762
Hungary,2007.0,24.272
Hungary,2008.0,24.769
Hungary,2009.0,20.37
Hungary,2010.0,20.739
Hungary,2011.0,20.527
Hungary,2012.0,19.51
Hungary,2013.0,20.631
Hungary,2014.0,22.213
Hungary,2015.0,21.969
Iceland,1997.0,21.277
Iceland,1998.0,25.662
Iceland,1999.0,23.321
Iceland,2000.0,24.609
Iceland,2001.0,22.768
Iceland,2002.0,19.72
Iceland,2003.0,21.191
Iceland,2004.0,24.633
Iceland,2005.0,29.232
Iceland,2006.0,36.016
Iceland,2007.0,29.832
Iceland,2008.0,26.012
Iceland,2009.0,14.891
Iceland,2010.0,13.876
Iceland,2011.0,15.582
Iceland,2012.0,16.11
Iceland,2013.0,15.451
Iceland,2014.0,17.359
Iceland,2015.0,19.242
India,1997.0,25.572
India,1998.0,24.206
India,1999.0,26.634
India,2000.0,24.263
India,2001.0,24.244
India,2002.0,24.75
India,2003.0,26.831
India,2004.0,32.818
India,2005.0,34.65
India,2006.0,35.659
India,2007.0,38.114
India,2008.0,34.305
India,2009.0,36.48
India,2010.0,36.502
India,2011.0,39.577
India,2012.0,38.262
India,2013.0,34.661
India,2014.0,34.093
India,2015.0,32.368
Indonesia,1997.0,32.227
Indonesia,1998.0,19.227
Indonesia,1999.0,13.64
Indonesia,2000.0,25.087
Indonesia,2001.0,25.315
Indonesia,2002.0,24.215
Indonesia,2003.0,28.089
Indonesia,2004.0,27.358
Indonesia,2005.0,28.579
Indonesia,2006.0,28.986
Indonesia,2007.0,28.736
Indonesia,2008.0,32.998
Indonesia,2009.0,31.173
Indonesia,2010.0,32.88
Indonesia,2011.0,32.984
Indonesia,2012.0,35.072
Indonesia,2013.0,33.831
Indonesia,2014.0,34.568
Indonesia,2015.0,34.562
Islamic Republic of Iran,1997.0,34.101
Islamic Republic of Iran,1998.0,32.888
Islamic Republic of Iran,1999.0,32.412
Islamic Republic of Iran,2000.0,35.101
Islamic Republic of Iran,2001.0,35.252
Islamic Republic of Iran,2002.0,39.054
Islamic Republic of Iran,2003.0,42.105
Islamic Republic of Iran,2004.0,43.738
Islamic Republic of Iran,2005.0,36.273
Islamic Republic of Iran,2006.0,36.111
Islamic Republic of Iran,2007.0,37.187
Islamic Republic of Iran,2008.0,39.156
Islamic Republic of Iran,2009.0,38.05
Islamic Republic of Iran,2010.0,37.131
Islamic Republic of Iran,2011.0,35.04
Islamic Republic of Iran,2012.0,38.205
Islamic Republic of Iran,2013.0,32.087
Islamic Republic of Iran,2014.0,30.646
Islamic Republic of Iran,2015.0,29.559
Iraq,1997.0,
Iraq,1998.0,
Iraq,1999.0,
Iraq,2000.0,
Iraq,2001.0,
Iraq,2002.0,
Iraq,2003.0,
Iraq,2004.0,
Iraq,2005.0,
Iraq,2006.0,
Iraq,2007.0,
Iraq,2008.0,
Iraq,2009.0,
Iraq,2010.0,
Iraq,2011.0,
Iraq,2012.0,
Iraq,2013.0,
Iraq,2014.0,
Iraq,2015.0,
Ireland,1997.0,22.241
Ireland,1998.0,24.121
Ireland,1999.0,24.655
Ireland,2000.0,24.533
Ireland,2001.0,24.286
Ireland,2002.0,24.091
Ireland,2003.0,25.748
Ireland,2004.0,27.238
Ireland,2005.0,30.326
Ireland,2006.0,31.868
Ireland,2007.0,29.215
Ireland,2008.0,24.614
Ireland,2009.0,20.282
Ireland,2010.0,17.305
Ireland,2011.0,17.595
Ireland,2012.0,19.935
Ireland,2013.0,18.581
Ireland,2014.0,21.95
Ireland,2015.0,21.655
Israel,1997.0,24.918
Israel,1998.0,23.187
Israel,1999.0,23.629
Israel,2000.0,22.878
Israel,2001.0,22.555
Israel,2002.0,20.839
Israel,2003.0,19.602
Israel,2004.0,19.87
Israel,2005.0,20.659
Israel,2006.0,20.558
Israel,2007.0,21.29
Israel,2008.0,20.055
Israel,2009.0,18.311
Israel,2010.0,18.499
Israel,2011.0,20.434
Israel,2012.0,21.3
Israel,2013.0,19.975
Israel,2014.0,20.137
Israel,2015.0,19.948
Italy,1997.0,19.269
Italy,1998.0,19.489
Italy,1999.0,20.005
Italy,2000.0,20.718
Italy,2001.0,20.67
Italy,2002.0,21.417
Italy,2003.0,21.065
Italy,2004.0,21.171
Italy,2005.0,21.103
Italy,2006.0,21.894
Italy,2007.0,22.185
Italy,2008.0,21.781
Italy,2009.0,19.393
Italy,2010.0,20.538
Italy,2011.0,20.462
Italy,2012.0,17.862
Italy,2013.0,16.959
Italy,2014.0,16.315
Italy,2015.0,16.766
Jamaica,1997.0,24.917
Jamaica,1998.0,22.154
Jamaica,1999.0,21.842
Jamaica,2000.0,23.982
Jamaica,2001.0,25.88
Jamaica,2002.0,27.338
Jamaica,2003.0,26.248
Jamaica,2004.0,26.463
Jamaica,2005.0,26.953
Jamaica,2006.0,28.422
Jamaica,2007.0,26.571
Jamaica,2008.0,24.35
Jamaica,2009.0,21.045
Jamaica,2010.0,20.199
Jamaica,2011.0,21.48
Jamaica,2012.0,19.879
Jamaica,2013.0,21.269
Jamaica,2014.0,22.474
Jamaica,2015.0,14.907
Japan,1997.0,28.086
Japan,1998.0,26.1
Japan,1999.0,24.731
Japan,2000.0,25.105
Japan,2001.0,24.304
Japan,2002.0,22.459
Japan,2003.0,22.399
Japan,2004.0,22.504
Japan,2005.0,22.466
Japan,2006.0,22.681
Japan,2007.0,22.884
Japan,2008.0,22.977
Japan,2009.0,19.665
Japan,2010.0,19.811
Japan,2011.0,20.193
Japan,2012.0,20.861
Japan,2013.0,21.226
Japan,2014.0,21.821
Japan,2015.0,22.006
Jordan,1997.0,25.728
Jordan,1998.0,21.819
Jordan,1999.0,21.57
Jordan,2000.0,22.362
Jordan,2001.0,21.057
Jordan,2002.0,20.096
Jordan,2003.0,20.841
Jordan,2004.0,27.376
Jordan,2005.0,34.149
Jordan,2006.0,28.34
Jordan,2007.0,30.268
Jordan,2008.0,29.895
Jordan,2009.0,26.3
Jordan,2010.0,25.514
Jordan,2011.0,23.217
Jordan,2012.0,21.703
Jordan,2013.0,20.731
Jordan,2014.0,21.241
Jordan,2015.0,19.242
Kazakhstan,1997.0,15.599
Kazakhstan,1998.0,15.804
Kazakhstan,1999.0,17.776
Kazakhstan,2000.0,18.139
Kazakhstan,2001.0,26.876
Kazakhstan,2002.0,27.288
Kazakhstan,2003.0,25.704
Kazakhstan,2004.0,26.311
Kazakhstan,2005.0,30.97
Kazakhstan,2006.0,33.901
Kazakhstan,2007.0,35.527
Kazakhstan,2008.0,27.506
Kazakhstan,2009.0,29.415
Kazakhstan,2010.0,25.374
Kazakhstan,2011.0,22.108
Kazakhstan,2012.0,24.306
Kazakhstan,2013.0,23.85
Kazakhstan,2014.0,25.107
Kazakhstan,2015.0,29.563
Kenya,1997.0,14.267
Kenya,1998.0,13.814
Kenya,1999.0,16.317
Kenya,2000.0,18.054
Kenya,2001.0,19.403
Kenya,2002.0,16.437
Kenya,2003.0,16.878
Kenya,2004.0,17.517
Kenya,2005.0,18.215
Kenya,2006.0,18.634
Kenya,2007.0,20.457
Kenya,2008.0,19.613
Kenya,2009.0,19.333
Kenya,2010.0,20.735
Kenya,2011.0,21.703
Kenya,2012.0,21.541
Kenya,2013.0,20.165
Kenya,2014.0,22.494
Kenya,2015.0,21.206
Kiribati,1997.0,
Kiribati,1998.0,
Kiribati,1999.0,
Kiribati,2000.0,
Kiribati,2001.0,
Kiribati,2002.0,
Kiribati,2003.0,
Kiribati,2004.0,
Kiribati,2005.0,
Kiribati,2006.0,
Kiribati,2007.0,
Kiribati,2008.0,
Kiribati,2009.0,
Kiribati,2010.0,
Kiribati,2011.0,
Kiribati,2012.0,
Kiribati,2013.0,
Kiribati,2014.0,
Kiribati,2015.0,
Korea,1997.0,37.425
Korea,1998.0,27.762
Korea,1999.0,30.916
Korea,2000.0,32.942
Korea,2001.0,31.56
Korea,2002.0,30.94
Korea,2003.0,32.015
Korea,2004.0,32.117
Korea,2005.0,32.163
Korea,2006.0,32.701
Korea,2007.0,32.58
Korea,2008.0,33.019
Korea,2009.0,28.466
Korea,2010.0,32.023
Korea,2011.0,32.959
Korea,2012.0,31.001
Korea,2013.0,29.102
Korea,2014.0,29.277
Korea,2015.0,28.488
Kosovo,1997.0,
Kosovo,1998.0,
Kosovo,1999.0,
Kosovo,2000.0,
Kosovo,2001.0,
Kosovo,2002.0,
Kosovo,2003.0,
Kosovo,2004.0,
Kosovo,2005.0,
Kosovo,2006.0,
Kosovo,2007.0,
Kosovo,2008.0,
Kosovo,2009.0,
Kosovo,2010.0,
Kosovo,2011.0,
Kosovo,2012.0,
Kosovo,2013.0,
Kosovo,2014.0,
Kosovo,2015.0,
Kuwait,1997.0,13.637
Kuwait,1998.0,18.448
Kuwait,1999.0,14.555
Kuwait,2000.0,10.67
Kuwait,2001.0,14.31
Kuwait,2002.0,17.129
Kuwait,2003.0,16.644
Kuwait,2004.0,18.186
Kuwait,2005.0,16.425
Kuwait,2006.0,16.158
Kuwait,2007.0,20.456
Kuwait,2008.0,17.63
Kuwait,2009.0,17.966
Kuwait,2010.0,17.659
Kuwait,2011.0,13.548
Kuwait,2012.0,12.835
Kuwait,2013.0,14.351
Kuwait,2014.0,16.29
Kuwait,2015.0,25.004
Kyrgyz Republic,1997.0,21.746
Kyrgyz Republic,1998.0,15.415
Kyrgyz Republic,1999.0,17.997
Kyrgyz Republic,2000.0,20.01
Kyrgyz Republic,2001.0,19.648
Kyrgyz Republic,2002.0,20.32
Kyrgyz Republic,2003.0,20.548
Kyrgyz Republic,2004.0,20.847
Kyrgyz Republic,2005.0,21.639
Kyrgyz Republic,2006.0,22.538
Kyrgyz Republic,2007.0,20.937
Kyrgyz Republic,2008.0,20.166
Kyrgyz Republic,2009.0,22.832
Kyrgyz Republic,2010.0,23.867
Kyrgyz Republic,2011.0,24.21
Kyrgyz Republic,2012.0,26.381
Kyrgyz Republic,2013.0,26.323
Kyrgyz Republic,2014.0,27.06
Kyrgyz Republic,2015.0,29.67
Lao P.D.R.,1997.0,
Lao P.D.R.,1998.0,
Lao P.D.R.,1999.0,
Lao P.D.R.,2000.0,
Lao P.D.R.,2001.0,
Lao P.D.R.,2002.0,
Lao P.D.R.,2003.0,
Lao P.D.R.,2004.0,
Lao P.D.R.,2005.0,
Lao P.D.R.,2006.0,
Lao P.D.R.,2007.0,
Lao P.D.R.,2008.0,
Lao P.D.R.,2009.0,
Lao P.D.R.,2010.0,
Lao P.D.R.,2011.0,
Lao P.D.R.,2012.0,
Lao P.D.R.,2013.0,
Lao P.D.R.,2014.0,
Lao P.D.R.,2015.0,
Latvia,1997.0,21.392
Latvia,1998.0,26.036
Latvia,1999.0,22.47
Latvia,2000.0,24.795
Latvia,2001.0,28.252
Latvia,2002.0,28.326
Latvia,2003.0,30.256
Latvia,2004.0,33.114
Latvia,2005.0,35.28
Latvia,2006.0,39.332
Latvia,2007.0,41.648
Latvia,2008.0,35.199
Latvia,2009.0,22.075
Latvia,2010.0,19.405
Latvia,2011.0,25.148
Latvia,2012.0,26.154
Latvia,2013.0,23.992
Latvia,2014.0,23.497
Latvia,2015.0,21.962
Lebanon,1997.0,
Lebanon,1998.0,
Lebanon,1999.0,
Lebanon,2000.0,
Lebanon,2001.0,
Lebanon,2002.0,
Lebanon,2003.0,
Lebanon,2004.0,
Lebanon,2005.0,
Lebanon,2006.0,
Lebanon,2007.0,
Lebanon,2008.0,
Lebanon,2009.0,
Lebanon,2010.0,
Lebanon,2011.0,
Lebanon,2012.0,
Lebanon,2013.0,
Lebanon,2014.0,
Lebanon,2015.0,
Lesotho,1997.0,57.599
Lesotho,1998.0,51.716
Lesotho,1999.0,46.845
Lesotho,2000.0,41.913
Lesotho,2001.0,35.699
Lesotho,2002.0,29.695
Lesotho,2003.0,28.22
Lesotho,2004.0,25.74
Lesotho,2005.0,22.848
Lesotho,2006.0,23.969
Lesotho,2007.0,26.408
Lesotho,2008.0,28.321
Lesotho,2009.0,29.478
Lesotho,2010.0,28.967
Lesotho,2011.0,35.037
Lesotho,2012.0,36.722
Lesotho,2013.0,35.039
Lesotho,2014.0,31.298
Lesotho,2015.0,32.778
Liberia,1997.0,
Liberia,1998.0,
Liberia,1999.0,
Liberia,2000.0,
Liberia,2001.0,
Liberia,2002.0,
Liberia,2003.0,
Liberia,2004.0,
Liberia,2005.0,
Liberia,2006.0,
Liberia,2007.0,
Liberia,2008.0,
Liberia,2009.0,
Liberia,2010.0,
Liberia,2011.0,
Liberia,2012.0,
Liberia,2013.0,
Liberia,2014.0,
Liberia,2015.0,
Libya,1997.0,8.787
Libya,1998.0,7.524
Libya,1999.0,6.917
Libya,2000.0,9.755
Libya,2001.0,46.418
Libya,2002.0,51.788
Libya,2003.0,43.091
Libya,2004.0,30.072
Libya,2005.0,28.028
Libya,2006.0,21.889
Libya,2007.0,28.667
Libya,2008.0,35.513
Libya,2009.0,40.348
Libya,2010.0,38.366
Libya,2011.0,12.43
Libya,2012.0,15.905
Libya,2013.0,23.518
Libya,2014.0,29.201
Libya,2015.0,30.502
Lithuania,1997.0,24.574
Lithuania,1998.0,24.335
Lithuania,1999.0,21.343
Lithuania,2000.0,18.766
Lithuania,2001.0,19.023
Lithuania,2002.0,20.655
Lithuania,2003.0,21.789
Lithuania,2004.0,22.784
Lithuania,2005.0,24.225
Lithuania,2006.0,26.927
Lithuania,2007.0,32.262
Lithuania,2008.0,28.113
Lithuania,2009.0,12.61
Lithuania,2010.0,18.21
Lithuania,2011.0,21.914
Lithuania,2012.0,19.25
Lithuania,2013.0,19.131
Lithuania,2014.0,18.33
Lithuania,2015.0,18.358
Luxembourg,1997.0,22.882
Luxembourg,1998.0,23.978
Luxembourg,1999.0,24.644
Luxembourg,2000.0,22.035
Luxembourg,2001.0,22.737
Luxembourg,2002.0,20.487
Luxembourg,2003.0,21.966
Luxembourg,2004.0,22.176
Luxembourg,2005.0,22.059
Luxembourg,2006.0,19.791
Luxembourg,2007.0,20.399
Luxembourg,2008.0,21.895
Luxembourg,2009.0,17.789
Luxembourg,2010.0,18.506
Luxembourg,2011.0,20.498
Luxembourg,2012.0,19.999
Luxembourg,2013.0,18.315
Luxembourg,2014.0,19.329
Luxembourg,2015.0,17.752
Macao SAR,1997.0,
Macao SAR,1998.0,
Macao SAR,1999.0,
Macao SAR,2000.0,
Macao SAR,2001.0,9.307
Macao SAR,2002.0,9.955
Macao SAR,2003.0,13.72
Macao SAR,2004.0,16.157
Macao SAR,2005.0,25.68
Macao SAR,2006.0,33.712
Macao SAR,2007.0,36.746
Macao SAR,2008.0,30.564
Macao SAR,2009.0,18.602
Macao SAR,2010.0,13.303
Macao SAR,2011.0,13.824
Macao SAR,2012.0,14.702
Macao SAR,2013.0,14.058
Macao SAR,2014.0,19.683
Macao SAR,2015.0,24.166
FYR Macedonia,1997.0,
FYR Macedonia,1998.0,
FYR Macedonia,1999.0,
FYR Macedonia,2000.0,
FYR Macedonia,2001.0,
FYR Macedonia,2002.0,
FYR Macedonia,2003.0,
FYR Macedonia,2004.0,
FYR Macedonia,2005.0,
FYR Macedonia,2006.0,
FYR Macedonia,2007.0,
FYR Macedonia,2008.0,
FYR Macedonia,2009.0,
FYR Macedonia,2010.0,
FYR Macedonia,2011.0,
FYR Macedonia,2012.0,
FYR Macedonia,2013.0,
FYR Macedonia,2014.0,
FYR Macedonia,2015.0,
Madagascar,1997.0,12.813
Madagascar,1998.0,15.082
Madagascar,1999.0,14.903
Madagascar,2000.0,15.045
Madagascar,2001.0,18.5
Madagascar,2002.0,14.263
Madagascar,2003.0,16.846
Madagascar,2004.0,25.836
Madagascar,2005.0,23.773
Madagascar,2006.0,24.973
Madagascar,2007.0,33.018
Madagascar,2008.0,40.961
Madagascar,2009.0,35.647
Madagascar,2010.0,23.424
Madagascar,2011.0,17.638
Madagascar,2012.0,17.561
Madagascar,2013.0,15.861
Madagascar,2014.0,15.58
Madagascar,2015.0,13.057
Malawi,1997.0,5.834
Malawi,1998.0,6.746
Malawi,1999.0,7.291
Malawi,2000.0,6.627
Malawi,2001.0,7.439
Malawi,2002.0,12.304
Malawi,2003.0,12.922
Malawi,2004.0,13.755
Malawi,2005.0,17.095
Malawi,2006.0,20.014
Malawi,2007.0,23.069
Malawi,2008.0,23.229
Malawi,2009.0,24.463
Malawi,2010.0,22.823
Malawi,2011.0,12.444
Malawi,2012.0,12.067
Malawi,2013.0,12.718
Malawi,2014.0,12.005
Malawi,2015.0,11.304
Malaysia,1997.0,46.314
Malaysia,1998.0,28.784
Malaysia,1999.0,23.81
Malaysia,2000.0,28.037
Malaysia,2001.0,26.652
Malaysia,2002.0,25.101
Malaysia,2003.0,24.299
Malaysia,2004.0,23.643
Malaysia,2005.0,22.275
Malaysia,2006.0,22.396
Malaysia,2007.0,23.027
Malaysia,2008.0,21.117
Malaysia,2009.0,18.927
Malaysia,2010.0,23.386
Malaysia,2011.0,23.188
Malaysia,2012.0,25.749
Malaysia,2013.0,25.937
Malaysia,2014.0,24.987
Malaysia,2015.0,25.092
Maldives,1997.0,28.07
Maldives,1998.0,28.07
Maldives,1999.0,28.07
Maldives,2000.0,28.07
Maldives,2001.0,28.07
Maldives,2002.0,25.52
Maldives,2003.0,27.14
Maldives,2004.0,28.0
Maldives,2005.0,45.0
Maldives,2006.0,40.0
Maldives,2007.0,10.0
Maldives,2008.0,30.0
Maldives,2009.0,20.0
Maldives,2010.0,15.0
Maldives,2011.0,20.0
Maldives,2012.0,20.0
Maldives,2013.0,20.0
Maldives,2014.0,20.0
Maldives,2015.0,20.0
Mali,1997.0,29.735
Mali,1998.0,22.923
Mali,1999.0,17.893
Mali,2000.0,17.176
Mali,2001.0,20.49
Mali,2002.0,15.746
Mali,2003.0,20.812
Mali,2004.0,21.629
Mali,2005.0,20.882
Mali,2006.0,21.192
Mali,2007.0,23.874
Mali,2008.0,24.236
Mali,2009.0,22.021
Mali,2010.0,24.026
Mali,2011.0,19.723
Mali,2012.0,17.183
Mali,2013.0,25.505
Mali,2014.0,24.443
Mali,2015.0,25.866
Malta,1997.0,25.414
Malta,1998.0,23.135
Malta,1999.0,23.746
Malta,2000.0,26.599
Malta,2001.0,18.539
Malta,2002.0,15.703
Malta,2003.0,19.068
Malta,2004.0,19.104
Malta,2005.0,21.345
Malta,2006.0,21.279
Malta,2007.0,20.97
Malta,2008.0,21.686
Malta,2009.0,20.765
Malta,2010.0,23.611
Malta,2011.0,19.182
Malta,2012.0,17.764
Malta,2013.0,18.301
Malta,2014.0,18.445
Malta,2015.0,24.874
Marshall Islands,1997.0,
Marshall Islands,1998.0,
Marshall Islands,1999.0,
Marshall Islands,2000.0,
Marshall Islands,2001.0,
Marshall Islands,2002.0,
Marshall Islands,2003.0,
Marshall Islands,2004.0,
Marshall Islands,2005.0,
Marshall Islands,2006.0,
Marshall Islands,2007.0,
Marshall Islands,2008.0,
Marshall Islands,2009.0,
Marshall Islands,2010.0,
Marshall Islands,2011.0,
Marshall Islands,2012.0,
Marshall Islands,2013.0,
Marshall Islands,2014.0,
Marshall Islands,2015.0,
Mauritania,1997.0,15.14
Mauritania,1998.0,13.972
Mauritania,1999.0,17.772
Mauritania,2000.0,20.63
Mauritania,2001.0,23.535
Mauritania,2002.0,14.588
Mauritania,2003.0,26.223
Mauritania,2004.0,47.239
Mauritania,2005.0,61.469
Mauritania,2006.0,30.822
Mauritania,2007.0,31.752
Mauritania,2008.0,41.679
Mauritania,2009.0,34.855
Mauritania,2010.0,39.193
Mauritania,2011.0,43.429
Mauritania,2012.0,58.826
Mauritania,2013.0,54.272
Mauritania,2014.0,51.768
Mauritania,2015.0,37.673
Mauritius,1997.0,30.51
Mauritius,1998.0,29.951
Mauritius,1999.0,26.704
Mauritius,2000.0,25.982
Mauritius,2001.0,20.731
Mauritius,2002.0,22.052
Mauritius,2003.0,23.679
Mauritius,2004.0,24.393
Mauritius,2005.0,22.668
Mauritius,2006.0,26.702
Mauritius,2007.0,26.924
Mauritius,2008.0,27.298
Mauritius,2009.0,21.298
Mauritius,2010.0,23.726
Mauritius,2011.0,25.976
Mauritius,2012.0,24.792
Mauritius,2013.0,25.156
Mauritius,2014.0,23.035
Mauritius,2015.0,21.199
Mexico,1997.0,19.603
Mexico,1998.0,21.68
Mexico,1999.0,21.951
Mexico,2000.0,22.538
Mexico,2001.0,20.962
Mexico,2002.0,20.003
Mexico,2003.0,21.914
Mexico,2004.0,22.683
Mexico,2005.0,22.3
Mexico,2006.0,23.469
Mexico,2007.0,23.392
Mexico,2008.0,24.436
Mexico,2009.0,22.907
Mexico,2010.0,22.056
Mexico,2011.0,22.26
Mexico,2012.0,23.051
Mexico,2013.0,21.663
Mexico,2014.0,21.539
Mexico,2015.0,22.732
Micronesia,1997.0,
Micronesia,1998.0,
Micronesia,1999.0,
Micronesia,2000.0,
Micronesia,2001.0,
Micronesia,2002.0,
Micronesia,2003.0,
Micronesia,2004.0,
Micronesia,2005.0,
Micronesia,2006.0,
Micronesia,2007.0,
Micronesia,2008.0,
Micronesia,2009.0,
Micronesia,2010.0,
Micronesia,2011.0,
Micronesia,2012.0,
Micronesia,2013.0,
Micronesia,2014.0,
Micronesia,2015.0,
Moldova,1997.0,23.814
Moldova,1998.0,25.873
Moldova,1999.0,22.884
Moldova,2000.0,25.46
Moldova,2001.0,23.282
Moldova,2002.0,21.66
Moldova,2003.0,23.178
Moldova,2004.0,26.359
Moldova,2005.0,30.826
Moldova,2006.0,32.748
Moldova,2007.0,38.106
Moldova,2008.0,39.228
Moldova,2009.0,23.142
Moldova,2010.0,23.524
Moldova,2011.0,24.17
Moldova,2012.0,23.644
Moldova,2013.0,24.657
Moldova,2014.0,26.061
Moldova,2015.0,22.669
Mongolia,1997.0,23.792
Mongolia,1998.0,25.505
Mongolia,1999.0,25.255
Mongolia,2000.0,21.968
Mongolia,2001.0,25.753
Mongolia,2002.0,19.829
Mongolia,2003.0,27.359
Mongolia,2004.0,28.529
Mongolia,2005.0,31.445
Mongolia,2006.0,50.584
Mongolia,2007.0,51.359
Mongolia,2008.0,50.842
Mongolia,2009.0,44.356
Mongolia,2010.0,42.087
Mongolia,2011.0,58.151
Mongolia,2012.0,55.899
Mongolia,2013.0,53.276
Mongolia,2014.0,35.175
Mongolia,2015.0,27.016
Montenegro,1997.0,
Montenegro,1998.0,
Montenegro,1999.0,
Montenegro,2000.0,22.388
Montenegro,2001.0,23.436
Montenegro,2002.0,18.761
Montenegro,2003.0,15.414
Montenegro,2004.0,16.631
Montenegro,2005.0,17.727
Montenegro,2006.0,25.445
Montenegro,2007.0,33.806
Montenegro,2008.0,40.671
Montenegro,2009.0,27.122
Montenegro,2010.0,21.77
Montenegro,2011.0,19.329
Montenegro,2012.0,20.586
Montenegro,2013.0,19.606
Montenegro,2014.0,19.759
Montenegro,2015.0,27.401
Morocco,1997.0,23.168
Morocco,1998.0,24.889
Morocco,1999.0,23.673
Morocco,2000.0,24.326
Morocco,2001.0,24.996
Morocco,2002.0,24.81
Morocco,2003.0,26.176
Morocco,2004.0,27.821
Morocco,2005.0,27.495
Morocco,2006.0,28.142
Morocco,2007.0,33.885
Morocco,2008.0,39.089
Morocco,2009.0,35.046
Morocco,2010.0,34.074
Morocco,2011.0,35.777
Morocco,2012.0,35.019
Morocco,2013.0,34.841
Morocco,2014.0,32.227
Morocco,2015.0,30.232
Mozambique,1997.0,21.749
Mozambique,1998.0,25.54
Mozambique,1999.0,41.055
Mozambique,2000.0,39.97
Mozambique,2001.0,29.178
Mozambique,2002.0,37.114
Mozambique,2003.0,28.588
Mozambique,2004.0,23.723
Mozambique,2005.0,21.561
Mozambique,2006.0,20.418
Mozambique,2007.0,17.704
Mozambique,2008.0,16.259
Mozambique,2009.0,15.226
Mozambique,2010.0,18.728
Mozambique,2011.0,29.79
Mozambique,2012.0,59.636
Mozambique,2013.0,69.581
Mozambique,2014.0,67.674
Mozambique,2015.0,53.621
Myanmar,1997.0,
Myanmar,1998.0,12.381
Myanmar,1999.0,13.435
Myanmar,2000.0,12.445
Myanmar,2001.0,11.57
Myanmar,2002.0,10.148
Myanmar,2003.0,11.022
Myanmar,2004.0,12.212
Myanmar,2005.0,13.191
Myanmar,2006.0,13.686
Myanmar,2007.0,14.609
Myanmar,2008.0,13.07
Myanmar,2009.0,14.728
Myanmar,2010.0,16.013
Myanmar,2011.0,14.907
Myanmar,2012.0,16.755
Myanmar,2013.0,22.103
Myanmar,2014.0,23.537
Myanmar,2015.0,22.913
Namibia,1997.0,20.185
Namibia,1998.0,27.21
Namibia,1999.0,23.289
Namibia,2000.0,17.098
Namibia,2001.0,22.317
Namibia,2002.0,18.521
Namibia,2003.0,19.37
Namibia,2004.0,19.068
Namibia,2005.0,19.69
Namibia,2006.0,22.263
Namibia,2007.0,24.364
Namibia,2008.0,27.833
Namibia,2009.0,26.453
Namibia,2010.0,24.124
Namibia,2011.0,22.375
Namibia,2012.0,26.724
Namibia,2013.0,25.21
Namibia,2014.0,32.982
Namibia,2015.0,34.186
Nepal,1997.0,23.605
Nepal,1998.0,23.138
Nepal,1999.0,19.08
Nepal,2000.0,22.649
Nepal,2001.0,19.33
Nepal,2002.0,20.246
Nepal,2003.0,21.409
Nepal,2004.0,24.531
Nepal,2005.0,26.451
Nepal,2006.0,26.852
Nepal,2007.0,28.685
Nepal,2008.0,30.316
Nepal,2009.0,31.674
Nepal,2010.0,38.271
Nepal,2011.0,37.987
Nepal,2012.0,34.497
Nepal,2013.0,37.321
Nepal,2014.0,41.168
Nepal,2015.0,38.779
Netherlands,1997.0,23.146
Netherlands,1998.0,23.23
Netherlands,1999.0,23.82
Netherlands,2000.0,23.04
Netherlands,2001.0,22.83
Netherlands,2002.0,21.232
Netherlands,2003.0,20.811
Netherlands,2004.0,20.683
Netherlands,2005.0,20.907
Netherlands,2006.0,21.512
Netherlands,2007.0,22.255
Netherlands,2008.0,22.351
Netherlands,2009.0,20.946
Netherlands,2010.0,20.42
Netherlands,2011.0,20.52
Netherlands,2012.0,19.156
Netherlands,2013.0,18.235
Netherlands,2014.0,18.47
Netherlands,2015.0,19.272
New Zealand,1997.0,23.156
New Zealand,1998.0,21.101
New Zealand,1999.0,22.574
New Zealand,2000.0,22.687
New Zealand,2001.0,21.811
New Zealand,2002.0,23.362
New Zealand,2003.0,23.649
New Zealand,2004.0,25.328
New Zealand,2005.0,25.434
New Zealand,2006.0,23.868
New Zealand,2007.0,24.772
New Zealand,2008.0,23.65
New Zealand,2009.0,19.536
New Zealand,2010.0,20.229
New Zealand,2011.0,19.935
New Zealand,2012.0,21.24
New Zealand,2013.0,21.599
New Zealand,2014.0,22.574
New Zealand,2015.0,23.038
Nicaragua,1997.0,25.158
Nicaragua,1998.0,25.107
Nicaragua,1999.0,33.003
Nicaragua,2000.0,26.953
Nicaragua,2001.0,24.796
Nicaragua,2002.0,22.029
Nicaragua,2003.0,22.074
Nicaragua,2004.0,24.057
Nicaragua,2005.0,25.99
Nicaragua,2006.0,26.464
Nicaragua,2007.0,29.685
Nicaragua,2008.0,31.061
Nicaragua,2009.0,21.969
Nicaragua,2010.0,24.585
Nicaragua,2011.0,30.954
Nicaragua,2012.0,30.183
Nicaragua,2013.0,28.89
Nicaragua,2014.0,27.427
Nicaragua,2015.0,31.862
Niger,1997.0,11.579
Niger,1998.0,11.924
Niger,1999.0,11.847
Niger,2000.0,12.341
Niger,2001.0,13.0
Niger,2002.0,15.857
Niger,2003.0,16.333
Niger,2004.0,14.593
Niger,2005.0,23.094
Niger,2006.0,23.584
Niger,2007.0,22.876
Niger,2008.0,32.092
Niger,2009.0,32.113
Niger,2010.0,49.524
Niger,2011.0,43.883
Niger,2012.0,39.501
Niger,2013.0,40.176
Niger,2014.0,39.251
Niger,2015.0,41.832
Nigeria,1997.0,13.25
Nigeria,1998.0,16.042
Nigeria,1999.0,17.915
Nigeria,2000.0,14.361
Nigeria,2001.0,15.14
Nigeria,2002.0,20.072
Nigeria,2003.0,17.546
Nigeria,2004.0,16.553
Nigeria,2005.0,15.576
Nigeria,2006.0,16.268
Nigeria,2007.0,18.654
Nigeria,2008.0,15.611
Nigeria,2009.0,19.418
Nigeria,2010.0,17.291
Nigeria,2011.0,16.212
Nigeria,2012.0,14.908
Nigeria,2013.0,14.904
Nigeria,2014.0,15.803
Nigeria,2015.0,15.49
Norway,1997.0,24.927
Norway,1998.0,28.168
Norway,1999.0,24.458
Norway,2000.0,21.744
Norway,2001.0,20.481
Norway,2002.0,20.469
Norway,2003.0,19.584
Norway,2004.0,21.657
Norway,2005.0,22.593
Norway,2006.0,24.171
Norway,2007.0,27.29
Norway,2008.0,26.018
Norway,2009.0,24.781
Norway,2010.0,25.356
Norway,2011.0,25.836
Norway,2012.0,26.528
Norway,2013.0,27.928
Norway,2014.0,28.298
Norway,2015.0,28.572
Oman,1997.0,18.347
Oman,1998.0,35.592
Oman,1999.0,22.681
Oman,2000.0,15.856
Oman,2001.0,17.794
Oman,2002.0,19.672
Oman,2003.0,24.021
Oman,2004.0,28.871
Oman,2005.0,22.073
Oman,2006.0,27.959
Oman,2007.0,35.177
Oman,2008.0,37.497
Oman,2009.0,29.219
Oman,2010.0,26.23
Oman,2011.0,19.136
Oman,2012.0,25.295
Oman,2013.0,25.759
Oman,2014.0,21.988
Oman,2015.0,29.0
Pakistan,1997.0,17.919
Pakistan,1998.0,17.711
Pakistan,1999.0,15.565
Pakistan,2000.0,17.227
Pakistan,2001.0,16.996
Pakistan,2002.0,16.583
Pakistan,2003.0,16.758
Pakistan,2004.0,16.578
Pakistan,2005.0,19.081
Pakistan,2006.0,19.332
Pakistan,2007.0,18.787
Pakistan,2008.0,19.206
Pakistan,2009.0,17.549
Pakistan,2010.0,15.805
Pakistan,2011.0,14.121
Pakistan,2012.0,15.076
Pakistan,2013.0,14.957
Pakistan,2014.0,14.635
Pakistan,2015.0,15.479
Palau,1997.0,
Palau,1998.0,
Palau,1999.0,
Palau,2000.0,65.594
Palau,2001.0,48.177
Palau,2002.0,49.05
Palau,2003.0,44.22
Palau,2004.0,45.198
Palau,2005.0,38.628
Palau,2006.0,39.162
Palau,2007.0,28.788
Palau,2008.0,26.3
Palau,2009.0,18.688
Palau,2010.0,21.837
Palau,2011.0,23.298
Palau,2012.0,22.107
Palau,2013.0,19.061
Palau,2014.0,27.295
Palau,2015.0,22.475
Panama,1997.0,29.988
Panama,1998.0,32.041
Panama,1999.0,30.681
Panama,2000.0,28.856
Panama,2001.0,20.946
Panama,2002.0,18.704
Panama,2003.0,22.764
Panama,2004.0,22.372
Panama,2005.0,22.117
Panama,2006.0,23.567
Panama,2007.0,36.472
Panama,2008.0,41.624
Panama,2009.0,30.425
Panama,2010.0,37.201
Panama,2011.0,43.495
Panama,2012.0,44.433
Panama,2013.0,45.84
Panama,2014.0,47.046
Panama,2015.0,47.5
Papua New Guinea,1997.0,
Papua New Guinea,1998.0,
Papua New Guinea,1999.0,
Papua New Guinea,2000.0,
Papua New Guinea,2001.0,
Papua New Guinea,2002.0,
Papua New Guinea,2003.0,
Papua New Guinea,2004.0,
Papua New Guinea,2005.0,
Papua New Guinea,2006.0,
Papua New Guinea,2007.0,
Papua New Guinea,2008.0,
Papua New Guinea,2009.0,
Papua New Guinea,2010.0,
Papua New Guinea,2011.0,
Papua New Guinea,2012.0,
Papua New Guinea,2013.0,
Papua New Guinea,2014.0,
Papua New Guinea,2015.0,
Paraguay,1997.0,22.918
Paraguay,1998.0,19.325
Paraguay,1999.0,17.588
Paraguay,2000.0,15.773
Paraguay,2001.0,15.747
Paraguay,2002.0,15.056
Paraguay,2003.0,16.978
Paraguay,2004.0,16.633
Paraguay,2005.0,17.017
Paraguay,2006.0,17.14
Paraguay,2007.0,15.774
Paraguay,2008.0,16.437
Paraguay,2009.0,13.804
Paraguay,2010.0,16.187
Paraguay,2011.0,17.055
Paraguay,2012.0,15.077
Paraguay,2013.0,15.409
Paraguay,2014.0,16.199
Paraguay,2015.0,16.671
Peru,1997.0,21.996
Peru,1998.0,21.793
Peru,1999.0,19.26
Peru,2000.0,18.397
Peru,2001.0,17.436
Peru,2002.0,17.444
Peru,2003.0,17.939
Peru,2004.0,16.855
Peru,2005.0,16.219
Peru,2006.0,19.194
Peru,2007.0,22.267
Peru,2008.0,27.468
Peru,2009.0,20.857
Peru,2010.0,25.175
Peru,2011.0,25.738
Peru,2012.0,26.044
Peru,2013.0,27.877
Peru,2014.0,26.327
Peru,2015.0,25.957
Philippines,1997.0,28.966
Philippines,1998.0,23.386
Philippines,1999.0,18.958
Philippines,2000.0,18.368
Philippines,2001.0,22.141
Philippines,2002.0,24.47
Philippines,2003.0,22.98
Philippines,2004.0,21.612
Philippines,2005.0,21.55
Philippines,2006.0,18.009
Philippines,2007.0,17.337
Philippines,2008.0,19.288
Philippines,2009.0,16.592
Philippines,2010.0,20.541
Philippines,2011.0,20.466
Philippines,2012.0,18.204
Philippines,2013.0,20.016
Philippines,2014.0,20.527
Philippines,2015.0,20.552
Poland,1997.0,23.139
Poland,1998.0,24.75
Poland,1999.0,24.944
Poland,2000.0,24.543
Poland,2001.0,20.503
Poland,2002.0,18.445
Poland,2003.0,18.832
Poland,2004.0,20.355
Poland,2005.0,19.629
Poland,2006.0,21.531
Poland,2007.0,24.8
Poland,2008.0,24.313
Poland,2009.0,20.21
Poland,2010.0,21.317
Poland,2011.0,22.444
Poland,2012.0,20.996
Poland,2013.0,18.988
Poland,2014.0,20.374
Poland,2015.0,20.503
Portugal,1997.0,26.51
Portugal,1998.0,28.302
Portugal,1999.0,29.015
Portugal,2000.0,28.764
Portugal,2001.0,28.143
Portugal,2002.0,26.0
Portugal,2003.0,23.63
Portugal,2004.0,24.18
Portugal,2005.0,23.657
Portugal,2006.0,23.234
Portugal,2007.0,23.071
Portugal,2008.0,23.566
Portugal,2009.0,20.791
Portugal,2010.0,21.081
Portugal,2011.0,18.598
Portugal,2012.0,15.716
Portugal,2013.0,14.632
Portugal,2014.0,15.144
Portugal,2015.0,15.216
Puerto Rico,1997.0,18.566
Puerto Rico,1998.0,16.918
Puerto Rico,1999.0,20.7
Puerto Rico,2000.0,19.714
Puerto Rico,2001.0,17.453
Puerto Rico,2002.0,15.988
Puerto Rico,2003.0,15.322
Puerto Rico,2004.0,15.317
Puerto Rico,2005.0,14.596
Puerto Rico,2006.0,13.991
Puerto Rico,2007.0,13.391
Puerto Rico,2008.0,12.146
Puerto Rico,2009.0,10.431
Puerto Rico,2010.0,9.16
Puerto Rico,2011.0,10.07
Puerto Rico,2012.0,10.335
Puerto Rico,2013.0,9.529
Puerto Rico,2014.0,9.04
Puerto Rico,2015.0,8.703
Qatar,1997.0,
Qatar,1998.0,
Qatar,1999.0,
Qatar,2000.0,
Qatar,2001.0,
Qatar,2002.0,
Qatar,2003.0,
Qatar,2004.0,
Qatar,2005.0,
Qatar,2006.0,
Qatar,2007.0,
Qatar,2008.0,
Qatar,2009.0,
Qatar,2010.0,
Qatar,2011.0,
Qatar,2012.0,
Qatar,2013.0,
Qatar,2014.0,
Qatar,2015.0,
Romania,1997.0,21.289
Romania,1998.0,18.313
Romania,1999.0,15.869
Romania,2000.0,19.82
Romania,2001.0,22.622
Romania,2002.0,22.455
Romania,2003.0,22.721
Romania,2004.0,24.286
Romania,2005.0,23.87
Romania,2006.0,27.232
Romania,2007.0,31.283
Romania,2008.0,33.437
Romania,2009.0,27.118
Romania,2010.0,26.836
Romania,2011.0,27.858
Romania,2012.0,26.844
Romania,2013.0,25.563
Romania,2014.0,25.24
Romania,2015.0,25.582
Russia,1997.0,20.238
Russia,1998.0,15.576
Russia,1999.0,14.038
Russia,2000.0,18.39
Russia,2001.0,20.569
Russia,2002.0,19.38
Russia,2003.0,18.982
Russia,2004.0,19.301
Russia,2005.0,18.543
Russia,2006.0,20.139
Russia,2007.0,24.089
Russia,2008.0,22.844
Russia,2009.0,15.564
Russia,2010.0,20.3
Russia,2011.0,23.086
Russia,2012.0,22.868
Russia,2013.0,20.706
Russia,2014.0,20.899
Russia,2015.0,18.575
Rwanda,1997.0,18.67
Rwanda,1998.0,17.585
Rwanda,1999.0,18.308
Rwanda,2000.0,18.613
Rwanda,2001.0,19.143
Rwanda,2002.0,20.078
Rwanda,2003.0,17.549
Rwanda,2004.0,19.82
Rwanda,2005.0,20.832
Rwanda,2006.0,16.688
Rwanda,2007.0,18.954
Rwanda,2008.0,24.173
Rwanda,2009.0,23.646
Rwanda,2010.0,23.195
Rwanda,2011.0,23.583
Rwanda,2012.0,25.918
Rwanda,2013.0,26.521
Rwanda,2014.0,26.103
Rwanda,2015.0,26.349
Samoa,1997.0,
Samoa,1998.0,
Samoa,1999.0,
Samoa,2000.0,
Samoa,2001.0,
Samoa,2002.0,
Samoa,2003.0,
Samoa,2004.0,
Samoa,2005.0,
Samoa,2006.0,
Samoa,2007.0,
Samoa,2008.0,
Samoa,2009.0,
Samoa,2010.0,
Samoa,2011.0,
Samoa,2012.0,
Samoa,2013.0,
Samoa,2014.0,
Samoa,2015.0,
San Marino,1997.0,
San Marino,1998.0,
San Marino,1999.0,
San Marino,2000.0,
San Marino,2001.0,
San Marino,2002.0,
San Marino,2003.0,
San Marino,2004.0,56.864
San Marino,2005.0,56.56
San Marino,2006.0,54.067
San Marino,2007.0,32.251
San Marino,2008.0,31.526
San Marino,2009.0,25.002
San Marino,2010.0,22.504
San Marino,2011.0,21.106
San Marino,2012.0,19.126
San Marino,2013.0,18.189
San Marino,2014.0,16.806
San Marino,2015.0,16.806
S?o Tom? and Pr?ncipe,1997.0,
S?o Tom? and Pr?ncipe,1998.0,
S?o Tom? and Pr?ncipe,1999.0,
S?o Tom? and Pr?ncipe,2000.0,
S?o Tom? and Pr?ncipe,2001.0,36.81
S?o Tom? and Pr?ncipe,2002.0,42.143
S?o Tom? and Pr?ncipe,2003.0,49.882
S?o Tom? and Pr?ncipe,2004.0,50.719
S?o Tom? and Pr?ncipe,2005.0,76.12
S?o Tom? and Pr?ncipe,2006.0,38.93
S?o Tom? and Pr?ncipe,2007.0,54.648
S?o Tom? and Pr?ncipe,2008.0,53.924
S?o Tom? and Pr?ncipe,2009.0,37.051
S?o Tom? and Pr?ncipe,2010.0,54.286
S?o Tom? and Pr?ncipe,2011.0,42.889
S?o Tom? and Pr?ncipe,2012.0,35.592
S?o Tom? and Pr?ncipe,2013.0,29.851
S?o Tom? and Pr?ncipe,2014.0,25.706
S?o Tom? and Pr?ncipe,2015.0,32.779
Saudi Arabia,1997.0,18.778
Saudi Arabia,1998.0,22.949
Saudi Arabia,1999.0,21.514
Saudi Arabia,2000.0,19.317
Saudi Arabia,2001.0,19.623
Saudi Arabia,2002.0,19.693
Saudi Arabia,2003.0,19.492
Saudi Arabia,2004.0,19.865
Saudi Arabia,2005.0,20.175
Saudi Arabia,2006.0,22.215
Saudi Arabia,2007.0,26.473
Saudi Arabia,2008.0,27.296
Saudi Arabia,2009.0,31.715
Saudi Arabia,2010.0,30.743
Saudi Arabia,2011.0,26.782
Saudi Arabia,2012.0,26.339
Saudi Arabia,2013.0,26.241
Saudi Arabia,2014.0,28.513
Saudi Arabia,2015.0,34.649
Senegal,1997.0,14.791
Senegal,1998.0,15.516
Senegal,1999.0,17.893
Senegal,2000.0,20.461
Senegal,2001.0,18.39
Senegal,2002.0,17.176
Senegal,2003.0,22.276
Senegal,2004.0,21.625
Senegal,2005.0,24.486
Senegal,2006.0,24.703
Senegal,2007.0,29.251
Senegal,2008.0,31.219
Senegal,2009.0,22.06
Senegal,2010.0,22.098
Senegal,2011.0,25.623
Senegal,2012.0,29.262
Senegal,2013.0,27.772
Senegal,2014.0,25.063
Senegal,2015.0,25.28
Serbia,1997.0,17.853
Serbia,1998.0,12.889
Serbia,1999.0,9.592
Serbia,2000.0,10.548
Serbia,2001.0,19.199
Serbia,2002.0,21.175
Serbia,2003.0,22.093
Serbia,2004.0,29.862
Serbia,2005.0,24.771
Serbia,2006.0,25.039
Serbia,2007.0,29.113
Serbia,2008.0,30.341
Serbia,2009.0,19.416
Serbia,2010.0,18.469
Serbia,2011.0,20.103
Serbia,2012.0,21.011
Serbia,2013.0,17.65
Serbia,2014.0,17.494
Serbia,2015.0,17.748
Seychelles,1997.0,28.053
Seychelles,1998.0,33.996
Seychelles,1999.0,30.772
Seychelles,2000.0,27.565
Seychelles,2001.0,21.454
Seychelles,2002.0,27.62
Seychelles,2003.0,10.902
Seychelles,2004.0,21.079
Seychelles,2005.0,35.745
Seychelles,2006.0,30.445
Seychelles,2007.0,29.015
Seychelles,2008.0,26.904
Seychelles,2009.0,27.275
Seychelles,2010.0,36.622
Seychelles,2011.0,35.407
Seychelles,2012.0,38.106
Seychelles,2013.0,38.547
Seychelles,2014.0,37.662
Seychelles,2015.0,33.851
Sierra Leone,1997.0,3.57
Sierra Leone,1998.0,3.993
Sierra Leone,1999.0,2.323
Sierra Leone,2000.0,4.755
Sierra Leone,2001.0,10.864
Sierra Leone,2002.0,11.669
Sierra Leone,2003.0,11.225
Sierra Leone,2004.0,10.325
Sierra Leone,2005.0,11.301
Sierra Leone,2006.0,10.135
Sierra Leone,2007.0,9.493
Sierra Leone,2008.0,9.557
Sierra Leone,2009.0,9.993
Sierra Leone,2010.0,31.089
Sierra Leone,2011.0,41.93
Sierra Leone,2012.0,27.858
Sierra Leone,2013.0,12.726
Sierra Leone,2014.0,13.139
Sierra Leone,2015.0,16.208
Singapore,1997.0,38.204
Singapore,1998.0,31.569
Singapore,1999.0,32.703
Singapore,2000.0,34.899
Singapore,2001.0,27.76
Singapore,2002.0,25.479
Singapore,2003.0,17.641
Singapore,2004.0,23.105
Singapore,2005.0,21.367
Singapore,2006.0,22.323
Singapore,2007.0,23.12
Singapore,2008.0,30.438
Singapore,2009.0,27.666
Singapore,2010.0,27.87
Singapore,2011.0,27.026
Singapore,2012.0,29.776
Singapore,2013.0,30.314
Singapore,2014.0,28.926
Singapore,2015.0,26.29
Slovak Republic,1997.0,35.997
Slovak Republic,1998.0,35.096
Slovak Republic,1999.0,29.303
Slovak Republic,2000.0,27.596
Slovak Republic,2001.0,31.356
Slovak Republic,2002.0,30.724
Slovak Republic,2003.0,25.784
Slovak Republic,2004.0,27.381
Slovak Republic,2005.0,29.81
Slovak Republic,2006.0,28.929
Slovak Republic,2007.0,28.56
Slovak Republic,2008.0,28.73
Slovak Republic,2009.0,21.191
Slovak Republic,2010.0,24.081
Slovak Republic,2011.0,25.031
Slovak Republic,2012.0,20.961
Slovak Republic,2013.0,20.966
Slovak Republic,2014.0,20.942
Slovak Republic,2015.0,22.905
Slovenia,1997.0,25.905
Slovenia,1998.0,26.915
Slovenia,1999.0,28.855
Slovenia,2000.0,28.521
Slovenia,2001.0,26.376
Slovenia,2002.0,25.35
Slovenia,2003.0,26.422
Slovenia,2004.0,28.606
Slovenia,2005.0,28.38
Slovenia,2006.0,30.177
Slovenia,2007.0,32.876
Slovenia,2008.0,32.695
Slovenia,2009.0,23.382
Slovenia,2010.0,22.24
Slovenia,2011.0,21.72
Slovenia,2012.0,18.745
Slovenia,2013.0,19.662
Slovenia,2014.0,19.817
Slovenia,2015.0,20.064
Solomon Islands,1997.0,5.45
Solomon Islands,1998.0,6.063
Solomon Islands,1999.0,5.811
Solomon Islands,2000.0,6.504
Solomon Islands,2001.0,6.606
Solomon Islands,2002.0,4.943
Solomon Islands,2003.0,9.611
Solomon Islands,2004.0,8.933
Solomon Islands,2005.0,14.188
Solomon Islands,2006.0,16.818
Solomon Islands,2007.0,19.448
Solomon Islands,2008.0,19.487
Solomon Islands,2009.0,18.991
Solomon Islands,2010.0,46.153
Solomon Islands,2011.0,33.116
Solomon Islands,2012.0,18.585
Solomon Islands,2013.0,25.066
Solomon Islands,2014.0,19.283
Solomon Islands,2015.0,19.721
South Africa,1997.0,17.715
South Africa,1998.0,17.992
South Africa,1999.0,17.035
South Africa,2000.0,16.365
South Africa,2001.0,15.745
South Africa,2002.0,16.278
South Africa,2003.0,17.106
South Africa,2004.0,18.467
South Africa,2005.0,18.315
South Africa,2006.0,20.183
South Africa,2007.0,20.986
South Africa,2008.0,23.15
South Africa,2009.0,20.705
South Africa,2010.0,19.513
South Africa,2011.0,19.721
South Africa,2012.0,19.965
South Africa,2013.0,21.047
South Africa,2014.0,20.749
South Africa,2015.0,20.731
South Sudan,1997.0,
South Sudan,1998.0,
South Sudan,1999.0,
South Sudan,2000.0,
South Sudan,2001.0,
South Sudan,2002.0,
South Sudan,2003.0,
South Sudan,2004.0,
South Sudan,2005.0,
South Sudan,2006.0,
South Sudan,2007.0,
South Sudan,2008.0,
South Sudan,2009.0,
South Sudan,2010.0,
South Sudan,2011.0,5.492
South Sudan,2012.0,10.734
South Sudan,2013.0,12.805
South Sudan,2014.0,15.336
South Sudan,2015.0,15.408
Spain,1997.0,22.323
Spain,1998.0,23.722
Spain,1999.0,25.406
Spain,2000.0,26.579
Spain,2001.0,26.573
Spain,2002.0,26.901
Spain,2003.0,27.823
Spain,2004.0,28.753
Spain,2005.0,30.016
Spain,2006.0,31.296
Spain,2007.0,31.335
Spain,2008.0,29.596
Spain,2009.0,24.566
Spain,2010.0,23.549
Spain,2011.0,21.908
Spain,2012.0,20.231
Spain,2013.0,19.144
Spain,2014.0,19.778
Spain,2015.0,20.658
Sri Lanka,1997.0,23.636
Sri Lanka,1998.0,24.287
Sri Lanka,1999.0,26.286
Sri Lanka,2000.0,26.962
Sri Lanka,2001.0,21.161
Sri Lanka,2002.0,22.518
Sri Lanka,2003.0,22.02
Sri Lanka,2004.0,25.254
Sri Lanka,2005.0,26.827
Sri Lanka,2006.0,27.98
Sri Lanka,2007.0,27.952
Sri Lanka,2008.0,27.552
Sri Lanka,2009.0,24.434
Sri Lanka,2010.0,27.578
Sri Lanka,2011.0,29.946
Sri Lanka,2012.0,30.59
Sri Lanka,2013.0,29.848
Sri Lanka,2014.0,27.411
Sri Lanka,2015.0,28.373
St. Kitts and Nevis,1997.0,34.451
St. Kitts and Nevis,1998.0,33.693
St. Kitts and Nevis,1999.0,27.953
St. Kitts and Nevis,2000.0,51.51
St. Kitts and Nevis,2001.0,58.788
St. Kitts and Nevis,2002.0,55.73
St. Kitts and Nevis,2003.0,45.783
St. Kitts and Nevis,2004.0,42.177
St. Kitts and Nevis,2005.0,42.233
St. Kitts and Nevis,2006.0,42.296
St. Kitts and Nevis,2007.0,44.985
St. Kitts and Nevis,2008.0,40.684
St. Kitts and Nevis,2009.0,40.559
St. Kitts and Nevis,2010.0,34.16
St. Kitts and Nevis,2011.0,28.962
St. Kitts and Nevis,2012.0,26.541
St. Kitts and Nevis,2013.0,26.377
St. Kitts and Nevis,2014.0,25.246
St. Kitts and Nevis,2015.0,25.104
St. Lucia,1997.0,23.791
St. Lucia,1998.0,25.369
St. Lucia,1999.0,28.129
St. Lucia,2000.0,26.583
St. Lucia,2001.0,23.522
St. Lucia,2002.0,21.447
St. Lucia,2003.0,21.401
St. Lucia,2004.0,24.538
St. Lucia,2005.0,28.361
St. Lucia,2006.0,37.926
St. Lucia,2007.0,29.043
St. Lucia,2008.0,32.014
St. Lucia,2009.0,28.87
St. Lucia,2010.0,28.06
St. Lucia,2011.0,28.366
St. Lucia,2012.0,26.734
St. Lucia,2013.0,22.95
St. Lucia,2014.0,18.975
St. Lucia,2015.0,19.671
St. Vincent and the Grenadines,1997.0,26.322
St. Vincent and the Grenadines,1998.0,30.768
St. Vincent and the Grenadines,1999.0,29.631
St. Vincent and the Grenadines,2000.0,23.409
St. Vincent and the Grenadines,2001.0,23.155
St. Vincent and the Grenadines,2002.0,23.246
St. Vincent and the Grenadines,2003.0,27.6
St. Vincent and the Grenadines,2004.0,26.579
St. Vincent and the Grenadines,2005.0,25.075
St. Vincent and the Grenadines,2006.0,28.467
St. Vincent and the Grenadines,2007.0,27.842
St. Vincent and the Grenadines,2008.0,33.148
St. Vincent and the Grenadines,2009.0,26.501
St. Vincent and the Grenadines,2010.0,28.988
St. Vincent and the Grenadines,2011.0,25.38
St. Vincent and the Grenadines,2012.0,25.321
St. Vincent and the Grenadines,2013.0,26.796
St. Vincent and the Grenadines,2014.0,24.839
St. Vincent and the Grenadines,2015.0,23.603
Sudan,1997.0,16.116
Sudan,1998.0,18.24
Sudan,1999.0,16.656
Sudan,2000.0,18.055
Sudan,2001.0,17.393
Sudan,2002.0,19.328
Sudan,2003.0,20.034
Sudan,2004.0,22.658
Sudan,2005.0,22.149
Sudan,2006.0,23.247
Sudan,2007.0,22.258
Sudan,2008.0,20.111
Sudan,2009.0,20.094
Sudan,2010.0,19.308
Sudan,2011.0,18.495
Sudan,2012.0,18.216
Sudan,2013.0,19.649
Sudan,2014.0,16.989
Sudan,2015.0,17.104
Suriname,1997.0,27.139
Suriname,1998.0,24.2
Suriname,1999.0,22.206
Suriname,2000.0,17.679
Suriname,2001.0,22.34
Suriname,2002.0,27.076
Suriname,2003.0,26.939
Suriname,2004.0,27.224
Suriname,2005.0,27.523
Suriname,2006.0,18.042
Suriname,2007.0,42.305
Suriname,2008.0,45.463
Suriname,2009.0,47.084
Suriname,2010.0,37.535
Suriname,2011.0,57.646
Suriname,2012.0,57.356
Suriname,2013.0,62.185
Suriname,2014.0,70.618
Suriname,2015.0,66.699
Swaziland,1997.0,32.877
Swaziland,1998.0,37.875
Swaziland,1999.0,28.142
Swaziland,2000.0,28.217
Swaziland,2001.0,32.563
Swaziland,2002.0,30.392
Swaziland,2003.0,28.204
Swaziland,2004.0,20.575
Swaziland,2005.0,33.227
Swaziland,2006.0,23.003
Swaziland,2007.0,23.447
Swaziland,2008.0,13.766
Swaziland,2009.0,14.392
Swaziland,2010.0,6.501
Swaziland,2011.0,4.561
Swaziland,2012.0,5.444
Swaziland,2013.0,7.622
Swaziland,2014.0,9.166
Swaziland,2015.0,8.863
Sweden,1997.0,20.217
Sweden,1998.0,21.336
Sweden,1999.0,21.628
Sweden,2000.0,22.754
Sweden,2001.0,22.75
Sweden,2002.0,21.741
Sweden,2003.0,21.574
Sweden,2004.0,21.558
Sweden,2005.0,22.004
Sweden,2006.0,23.027
Sweden,2007.0,24.609
Sweden,2008.0,24.52
Sweden,2009.0,20.924
Sweden,2010.0,22.913
Sweden,2011.0,23.816
Sweden,2012.0,22.611
Sweden,2013.0,22.495
Sweden,2014.0,23.781
Sweden,2015.0,24.555
Switzerland,1997.0,24.522
Switzerland,1998.0,25.583
Switzerland,1999.0,25.156
Switzerland,2000.0,25.036
Switzerland,2001.0,25.07
Switzerland,2002.0,23.528
Switzerland,2003.0,23.183
Switzerland,2004.0,21.495
Switzerland,2005.0,24.043
Switzerland,2006.0,25.014
Switzerland,2007.0,24.075
Switzerland,2008.0,25.391
Switzerland,2009.0,26.337
Switzerland,2010.0,23.959
Switzerland,2011.0,26.993
Switzerland,2012.0,24.121
Switzerland,2013.0,22.558
Switzerland,2014.0,23.421
Switzerland,2015.0,21.775
Syria,1997.0,20.852
Syria,1998.0,20.551
Syria,1999.0,18.765
Syria,2000.0,16.481
Syria,2001.0,19.536
Syria,2002.0,18.475
Syria,2003.0,23.07
Syria,2004.0,17.656
Syria,2005.0,18.407
Syria,2006.0,19.862
Syria,2007.0,26.571
Syria,2008.0,31.058
Syria,2009.0,30.004
Syria,2010.0,26.688
Syria,2011.0,
Syria,2012.0,
Syria,2013.0,
Syria,2014.0,
Syria,2015.0,
Taiwan Province of China,1997.0,26.582
Taiwan Province of China,1998.0,27.41
Taiwan Province of China,1999.0,26.47
Taiwan Province of China,2000.0,27.196
Taiwan Province of China,2001.0,21.418
Taiwan Province of China,2002.0,20.989
Taiwan Province of China,2003.0,21.685
Taiwan Province of China,2004.0,25.359
Taiwan Province of China,2005.0,24.461
Taiwan Province of China,2006.0,24.611
Taiwan Province of China,2007.0,24.028
Taiwan Province of China,2008.0,24.462
Taiwan Province of China,2009.0,19.907
Taiwan Province of China,2010.0,24.963
Taiwan Province of China,2011.0,23.636
Taiwan Province of China,2012.0,22.497
Taiwan Province of China,2013.0,22.062
Taiwan Province of China,2014.0,21.819
Taiwan Province of China,2015.0,20.772
Tajikistan,1997.0,6.929
Tajikistan,1998.0,6.637
Tajikistan,1999.0,4.386
Tajikistan,2000.0,15.009
Tajikistan,2001.0,13.661
Tajikistan,2002.0,13.811
Tajikistan,2003.0,13.601
Tajikistan,2004.0,14.864
Tajikistan,2005.0,14.799
Tajikistan,2006.0,13.732
Tajikistan,2007.0,22.036
Tajikistan,2008.0,17.646
Tajikistan,2009.0,19.393
Tajikistan,2010.0,16.575
Tajikistan,2011.0,19.832
Tajikistan,2012.0,17.851
Tajikistan,2013.0,15.084
Tajikistan,2014.0,15.77
Tajikistan,2015.0,18.688
Tanzania,1997.0,17.848
Tanzania,1998.0,19.874
Tanzania,1999.0,14.633
Tanzania,2000.0,13.787
Tanzania,2001.0,13.211
Tanzania,2002.0,13.19
Tanzania,2003.0,15.969
Tanzania,2004.0,18.945
Tanzania,2005.0,21.472
Tanzania,2006.0,26.04
Tanzania,2007.0,32.849
Tanzania,2008.0,32.076
Tanzania,2009.0,25.125
Tanzania,2010.0,27.296
Tanzania,2011.0,33.24
Tanzania,2012.0,28.503
Tanzania,2013.0,30.324
Tanzania,2014.0,30.89
Tanzania,2015.0,30.759
Thailand,1997.0,34.275
Thailand,1998.0,20.071
Thailand,1999.0,20.173
Thailand,2000.0,22.283
Thailand,2001.0,23.112
Thailand,2002.0,22.744
Thailand,2003.0,23.829
Thailand,2004.0,25.681
Thailand,2005.0,30.421
Thailand,2006.0,27.012
Thailand,2007.0,25.496
Thailand,2008.0,28.226
Thailand,2009.0,20.646
Thailand,2010.0,25.37
Thailand,2011.0,26.807
Thailand,2012.0,28.038
Thailand,2013.0,27.498
Thailand,2014.0,24.073
Thailand,2015.0,24.132
Timor-Leste,1997.0,
Timor-Leste,1998.0,
Timor-Leste,1999.0,
Timor-Leste,2000.0,31.532
Timor-Leste,2001.0,32.794
Timor-Leste,2002.0,30.518
Timor-Leste,2003.0,24.851
Timor-Leste,2004.0,8.348
Timor-Leste,2005.0,5.038
Timor-Leste,2006.0,2.128
Timor-Leste,2007.0,3.479
Timor-Leste,2008.0,4.524
Timor-Leste,2009.0,14.568
Timor-Leste,2010.0,11.273
Timor-Leste,2011.0,14.273
Timor-Leste,2012.0,11.051
Timor-Leste,2013.0,10.388
Timor-Leste,2014.0,15.138
Timor-Leste,2015.0,15.184
Togo,1997.0,11.476
Togo,1998.0,14.701
Togo,1999.0,9.456
Togo,2000.0,15.18
Togo,2001.0,15.613
Togo,2002.0,16.119
Togo,2003.0,14.428
Togo,2004.0,14.515
Togo,2005.0,16.292
Togo,2006.0,22.5
Togo,2007.0,20.359
Togo,2008.0,22.327
Togo,2009.0,22.801
Togo,2010.0,23.928
Togo,2011.0,23.474
Togo,2012.0,23.8
Togo,2013.0,23.551
Togo,2014.0,23.519
Togo,2015.0,25.269
Tonga,1997.0,
Tonga,1998.0,
Tonga,1999.0,
Tonga,2000.0,
Tonga,2001.0,
Tonga,2002.0,
Tonga,2003.0,
Tonga,2004.0,
Tonga,2005.0,
Tonga,2006.0,
Tonga,2007.0,
Tonga,2008.0,
Tonga,2009.0,
Tonga,2010.0,
Tonga,2011.0,
Tonga,2012.0,
Tonga,2013.0,
Tonga,2014.0,
Tonga,2015.0,
Trinidad and Tobago,1997.0,29.888
Trinidad and Tobago,1998.0,33.164
Trinidad and Tobago,1999.0,20.773
Trinidad and Tobago,2000.0,16.786
Trinidad and Tobago,2001.0,26.713
Trinidad and Tobago,2002.0,22.626
Trinidad and Tobago,2003.0,25.188
Trinidad and Tobago,2004.0,19.863
Trinidad and Tobago,2005.0,30.176
Trinidad and Tobago,2006.0,15.65
Trinidad and Tobago,2007.0,12.899
Trinidad and Tobago,2008.0,11.078
Trinidad and Tobago,2009.0,15.465
Trinidad and Tobago,2010.0,13.423
Trinidad and Tobago,2011.0,13.423
Trinidad and Tobago,2012.0,13.423
Trinidad and Tobago,2013.0,13.423
Trinidad and Tobago,2014.0,13.423
Trinidad and Tobago,2015.0,13.423
Tunisia,1997.0,24.459
Tunisia,1998.0,24.917
Tunisia,1999.0,24.62
Tunisia,2000.0,25.899
Tunisia,2001.0,26.179
Tunisia,2002.0,23.811
Tunisia,2003.0,23.323
Tunisia,2004.0,23.302
Tunisia,2005.0,21.679
Tunisia,2006.0,23.449
Tunisia,2007.0,23.686
Tunisia,2008.0,25.526
Tunisia,2009.0,24.696
Tunisia,2010.0,25.631
Tunisia,2011.0,23.094
Tunisia,2012.0,24.444
Tunisia,2013.0,22.745
Tunisia,2014.0,23.166
Tunisia,2015.0,21.974
Turkey,1997.0,22.307
Turkey,1998.0,22.114
Turkey,1999.0,19.124
Turkey,2000.0,20.767
Turkey,2001.0,15.084
Turkey,2002.0,17.614
Turkey,2003.0,17.597
Turkey,2004.0,19.39
Turkey,2005.0,19.99
Turkey,2006.0,22.055
Turkey,2007.0,21.068
Turkey,2008.0,21.782
Turkey,2009.0,14.938
Turkey,2010.0,19.523
Turkey,2011.0,23.556
Turkey,2012.0,20.132
Turkey,2013.0,20.643
Turkey,2014.0,20.011
Turkey,2015.0,18.51
Turkmenistan,1997.0,
Turkmenistan,1998.0,
Turkmenistan,1999.0,
Turkmenistan,2000.0,
Turkmenistan,2001.0,
Turkmenistan,2002.0,
Turkmenistan,2003.0,
Turkmenistan,2004.0,
Turkmenistan,2005.0,
Turkmenistan,2006.0,
Turkmenistan,2007.0,
Turkmenistan,2008.0,
Turkmenistan,2009.0,
Turkmenistan,2010.0,
Turkmenistan,2011.0,
Turkmenistan,2012.0,
Turkmenistan,2013.0,
Turkmenistan,2014.0,
Turkmenistan,2015.0,
Tuvalu,1997.0,
Tuvalu,1998.0,
Tuvalu,1999.0,
Tuvalu,2000.0,
Tuvalu,2001.0,
Tuvalu,2002.0,
Tuvalu,2003.0,
Tuvalu,2004.0,
Tuvalu,2005.0,
Tuvalu,2006.0,
Tuvalu,2007.0,
Tuvalu,2008.0,
Tuvalu,2009.0,
Tuvalu,2010.0,
Tuvalu,2011.0,
Tuvalu,2012.0,
Tuvalu,2013.0,
Tuvalu,2014.0,
Tuvalu,2015.0,
Uganda,1997.0,17.14
Uganda,1998.0,17.881
Uganda,1999.0,19.462
Uganda,2000.0,25.846
Uganda,2001.0,25.458
Uganda,2002.0,26.509
Uganda,2003.0,27.844
Uganda,2004.0,29.428
Uganda,2005.0,29.338
Uganda,2006.0,27.941
Uganda,2007.0,31.598
Uganda,2008.0,28.15
Uganda,2009.0,27.082
Uganda,2010.0,26.734
Uganda,2011.0,28.683
Uganda,2012.0,29.728
Uganda,2013.0,27.824
Uganda,2014.0,26.381
Uganda,2015.0,24.671
Ukraine,1997.0,21.659
Ukraine,1998.0,21.035
Ukraine,1999.0,19.42
Ukraine,2000.0,19.794
Ukraine,2001.0,21.813
Ukraine,2002.0,20.191
Ukraine,2003.0,21.943
Ukraine,2004.0,21.096
Ukraine,2005.0,22.507
Ukraine,2006.0,24.543
Ukraine,2007.0,27.781
Ukraine,2008.0,27.393
Ukraine,2009.0,17.068
Ukraine,2010.0,20.873
Ukraine,2011.0,22.437
Ukraine,2012.0,21.716
Ukraine,2013.0,18.489
Ukraine,2014.0,13.396
Ukraine,2015.0,15.322
United Arab Emirates,1997.0,23.328
United Arab Emirates,1998.0,23.616
United Arab Emirates,1999.0,22.671
United Arab Emirates,2000.0,21.909
United Arab Emirates,2001.0,21.714
United Arab Emirates,2002.0,21.783
United Arab Emirates,2003.0,21.437
United Arab Emirates,2004.0,19.309
United Arab Emirates,2005.0,19.242
United Arab Emirates,2006.0,18.395
United Arab Emirates,2007.0,24.358
United Arab Emirates,2008.0,23.689
United Arab Emirates,2009.0,30.226
United Arab Emirates,2010.0,26.136
United Arab Emirates,2011.0,22.646
United Arab Emirates,2012.0,23.15
United Arab Emirates,2013.0,23.47
United Arab Emirates,2014.0,25.142
United Arab Emirates,2015.0,22.06
United Kingdom,1997.0,18.301
United Kingdom,1998.0,18.962
United Kingdom,1999.0,18.411
United Kingdom,2000.0,18.825
United Kingdom,2001.0,18.338
United Kingdom,2002.0,18.185
United Kingdom,2003.0,17.744
United Kingdom,2004.0,17.519
United Kingdom,2005.0,17.649
United Kingdom,2006.0,17.962
United Kingdom,2007.0,18.542
United Kingdom,2008.0,17.368
United Kingdom,2009.0,14.62
United Kingdom,2010.0,15.972
United Kingdom,2011.0,15.84
United Kingdom,2012.0,16.039
United Kingdom,2013.0,16.401
United Kingdom,2014.0,17.315
United Kingdom,2015.0,17.213
United States,1997.0,22.364
United States,1998.0,22.848
United States,1999.0,23.318
United States,2000.0,23.569
United States,2001.0,22.052
United States,2002.0,21.576
United States,2003.0,21.66
United States,2004.0,22.527
United States,2005.0,23.223
United States,2006.0,23.333
United States,2007.0,22.351
United States,2008.0,20.786
United States,2009.0,17.513
United States,2010.0,18.394
United States,2011.0,18.545
United States,2012.0,19.351
United States,2013.0,19.762
United States,2014.0,20.014
United States,2015.0,20.348
Uruguay,1997.0,16.845
Uruguay,1998.0,17.338
Uruguay,1999.0,15.075
Uruguay,2000.0,14.457
Uruguay,2001.0,14.328
Uruguay,2002.0,13.073
Uruguay,2003.0,15.206
Uruguay,2004.0,17.468
Uruguay,2005.0,17.699
Uruguay,2006.0,19.461
Uruguay,2007.0,19.526
Uruguay,2008.0,23.208
Uruguay,2009.0,19.625
Uruguay,2010.0,19.408
Uruguay,2011.0,20.882
Uruguay,2012.0,22.915
Uruguay,2013.0,22.484
Uruguay,2014.0,21.203
Uruguay,2015.0,19.821
Uzbekistan,1997.0,18.9
Uzbekistan,1998.0,20.9
Uzbekistan,1999.0,17.1
Uzbekistan,2000.0,19.6
Uzbekistan,2001.0,21.1
Uzbekistan,2002.0,21.2
Uzbekistan,2003.0,20.8
Uzbekistan,2004.0,24.5
Uzbekistan,2005.0,28.0
Uzbekistan,2006.0,29.6
Uzbekistan,2007.0,30.0
Uzbekistan,2008.0,31.0
Uzbekistan,2009.0,31.0
Uzbekistan,2010.0,30.667
Uzbekistan,2011.0,30.889
Uzbekistan,2012.0,30.852
Uzbekistan,2013.0,30.802
Uzbekistan,2014.0,30.848
Uzbekistan,2015.0,30.834
Vanuatu,1997.0,
Vanuatu,1998.0,
Vanuatu,1999.0,
Vanuatu,2000.0,
Vanuatu,2001.0,
Vanuatu,2002.0,
Vanuatu,2003.0,16.846
Vanuatu,2004.0,23.239
Vanuatu,2005.0,24.121
Vanuatu,2006.0,28.378
Vanuatu,2007.0,32.266
Vanuatu,2008.0,40.559
Vanuatu,2009.0,39.894
Vanuatu,2010.0,34.66
Vanuatu,2011.0,27.497
Vanuatu,2012.0,23.045
Vanuatu,2013.0,26.108
Vanuatu,2014.0,26.957
Vanuatu,2015.0,44.248
Venezuela,1997.0,27.673
Venezuela,1998.0,30.66
Venezuela,1999.0,26.517
Venezuela,2000.0,24.17
Venezuela,2001.0,27.524
Venezuela,2002.0,21.159
Venezuela,2003.0,15.217
Venezuela,2004.0,21.798
Venezuela,2005.0,23.004
Venezuela,2006.0,26.922
Venezuela,2007.0,30.34
Venezuela,2008.0,26.826
Venezuela,2009.0,25.797
Venezuela,2010.0,21.972
Venezuela,2011.0,23.072
Venezuela,2012.0,26.597
Venezuela,2013.0,27.269
Venezuela,2014.0,24.81
Venezuela,2015.0,42.136
Vietnam,1997.0,28.3
Vietnam,1998.0,29.05
Vietnam,1999.0,27.63
Vietnam,2000.0,29.61
Vietnam,2001.0,31.173
Vietnam,2002.0,33.221
Vietnam,2003.0,35.445
Vietnam,2004.0,33.45
Vietnam,2005.0,33.757
Vietnam,2006.0,34.537
Vietnam,2007.0,39.566
Vietnam,2008.0,36.493
Vietnam,2009.0,37.163
Vietnam,2010.0,35.694
Vietnam,2011.0,29.751
Vietnam,2012.0,27.243
Vietnam,2013.0,26.592
Vietnam,2014.0,26.833
Vietnam,2015.0,27.581
Yemen,1997.0,24.631
Yemen,1998.0,23.65
Yemen,1999.0,18.706
Yemen,2000.0,18.928
Yemen,2001.0,19.56
Yemen,2002.0,18.484
Yemen,2003.0,20.727
Yemen,2004.0,20.28
Yemen,2005.0,18.53
Yemen,2006.0,16.384
Yemen,2007.0,17.194
Yemen,2008.0,15.416
Yemen,2009.0,13.545
Yemen,2010.0,11.661
Yemen,2011.0,5.501
Yemen,2012.0,8.704
Yemen,2013.0,8.106
Yemen,2014.0,7.832
Yemen,2015.0,1.729
Zambia,1997.0,16.415
Zambia,1998.0,18.349
Zambia,1999.0,18.245
Zambia,2000.0,18.677
Zambia,2001.0,19.673
Zambia,2002.0,22.164
Zambia,2003.0,25.28
Zambia,2004.0,37.015
Zambia,2005.0,30.965
Zambia,2006.0,36.699
Zambia,2007.0,31.7
Zambia,2008.0,29.63
Zambia,2009.0,30.277
Zambia,2010.0,29.878
Zambia,2011.0,33.644
Zambia,2012.0,31.755
Zambia,2013.0,34.039
Zambia,2014.0,34.908
Zambia,2015.0,35.452
Zimbabwe,1997.0,
Zimbabwe,1998.0,
Zimbabwe,1999.0,
Zimbabwe,2000.0,
Zimbabwe,2001.0,
Zimbabwe,2002.0,
Zimbabwe,2003.0,
Zimbabwe,2004.0,
Zimbabwe,2005.0,
Zimbabwe,2006.0,
Zimbabwe,2007.0,
Zimbabwe,2008.0,
Zimbabwe,2009.0,15.104
Zimbabwe,2010.0,23.921
Zimbabwe,2011.0,22.393
Zimbabwe,2012.0,13.526
Zimbabwe,2013.0,13.033
Zimbabwe,2014.0,13.237
Zimbabwe,2015.0,12.052
